Date,Symbol,Headline,Source19-Nov-20,GOOGL-US,DJ Press Release: Green Dot to Collaborate with Google Pay to Offer Plex Accounts,DJGM19-Nov-20,GOOGL-US,DJ Press Release: Citi Selects Mastercard as Network Partner for the Citi Plex Account by Google Pay,DJGM17-Nov-20,GOOGL-US,"DJ Press Release: ROSEN, A LEADING LAW FIRM, Announces Investigation of Securities Claims Against Alphabet Inc.; Encourages Investors with Losses in Excess of $100K to Contact the Firm - GOOG, GOOGL",DJGM17-Nov-20,GOOGL-US,"ROSEN, A LEADING LAW FIRM, Announces Investigation of Securities Claims Against Alphabet Inc.; Encourages Investors with Losses in Excess of $100K to Contact the Firm - GOOG, GOOGL",PRN16-Nov-20,GOOGL-US,DJ Press Release: Qualys Partners with Google Cloud to Add Container Security Support for Google Cloud Artifact Registry,DJGM10-Nov-20,GOOGL-US,DJ Press Release: Datadog and Google Cloud Extend Strategic Partnership into New Regions,DJGM10-Nov-20,GOOGL-US,"Alphabet, Inc.(GOOGL-US) Schedules RBC Capital Markets Global Technology, Internet, Media and Telecommunications Conference for 17-November-2020 4:40 PM ET",FCSTEV3-Nov-20,GOOGL-US,The $110 Trillion Trend Wall Street Can't Ignore,PRN2-Nov-20,GOOGL-US,"DJ Press Release: Over The Top Market Highlights | 8*8 Inc., Alphabet Inc., and Apple Inc. to Emerge as Key Vendors | Technavio",DJGM30-Oct-20,GOOGL-US,"DJ Press Release: Google Blocks No on Prop 24 Ads, Runs Yes on 24 Ads",DJGM30-Oct-20,GOOGL-US,Google Beats Q3 2020 Earnings Estimates Across the Board,PRN29-Oct-20,GOOGL-US,Alphabet Announces Third Quarter 2020 Results,NEWS_CR29-Oct-20,GOOGL-US,DJ Press Release: CoreLogic Expands Google Cloud Program,DJGM23-Oct-20,GOOGL-US,DJ Press Release: Google and Skipify team-up to enable shopping inside Gmail,DJGM22-Oct-20,GOOGL-US,DJ Press Release: OLB Group Expands Support for Apple Pay and Google Pay,DJGM22-Oct-20,GOOGL-US,DJ Press Release: Sabre and Google Develop -2-,DJGM22-Oct-20,GOOGL-US,DJ Press Release: Sabre and Google Develop Industry-First AI Technology for Travel,DJGM20-Oct-20,GOOGL-US,DJ Press Release: Justice Department Sues Monopolist Google for Antitrust Laws,DJGM20-Oct-20,GOOGL-US,DJ Press Release: Attorney General James Announces Bipartisan Antitrust Investigation Into Google Will Continue,DJGM14-Oct-20,GOOGL-US,DJ Press Release: Nokia and Google Cloud sign -3-,DJGM14-Oct-20,GOOGL-US,DJ Press Release: Nokia and Google Cloud sign strategic collaboration to transform Nokia's digital infrastructure,DJGM14-Oct-20,GOOGL-US,DJ Press Release: Nokia and Google Cloud sign -2-,DJGM12-Oct-20,GOOGL-US,"DJ Press Release: Total and Google Cloud Develop Solar Mapper, a Tool for Estimating the Solar Energy Potential of Houses' Roofs",DJGM8-Oct-20,GOOGL-US,DJ Moody's Announces Completion Of A Periodic Review Of Ratings Of Alphabet Inc.,DJGM6-Oct-20,GOOGL-US,DJ Press Release: Tobii Dynavox and Google collaborate to make technology more accessible,DJGM1-Oct-20,GOOGL-US,"Alphabet, Inc.(GOOGL-US) Schedules Q3 2020 Earnings Call for 29-October-2020 4:30 PM ET",FCSTEV1-Oct-20,GOOGL-US,"Alphabet, Inc.(GOOGL-US) Schedules Q3 2020 Earnings Release for 29-October-2020 After Market Hours ET",FCSTEV30-Sep-20,GOOGL-US,DJ Press Release: Preorder the Google Pixel 5 at UScellular on October 8,DJGM30-Sep-20,GOOGL-US,DJ Press Release: YouTube TV To Discontinue Carriage Of Sinclair Regional Sports Networks As Discussions Continue,DJGM23-Sep-20,GOOGL-US,"DJ Press Release: Norfolk Southern finding ""Waze"" to promote rail safety",DJGM23-Sep-20,GOOGL-US,DJ Press Release: Rackspace Technology supports gohenry's global expansion with migration to Google Cloud,DJGM22-Sep-20,GOOGL-US,DJ Press Release: Google Cloud and Anaplan Innovate to Transform Enterprise Planning,DJGM18-Sep-20,GOOGL-US,DJ Press Release: Choose Your Own Adventure and Google Collaborate to Launch E-Books for Younger Readers,DJGM17-Sep-20,GOOGL-US,DJ Press Release: ADT Announces Closing of $450 Million Investment by Google,DJGM16-Sep-20,GOOGL-US,DJ Press Release: SensiML Integrates Google's TensorFlow Lite for Microcontrollers,DJGM15-Sep-20,GOOGL-US,"DJ Press Release: EDF, NASA, DRI and Google Announce -2-",DJGM15-Sep-20,GOOGL-US,"DJ Press Release: EDF, NASA, DRI and Google Announce Web Application to Transform Water Management in the Western United States",DJGM15-Sep-20,GOOGL-US,DJ Press Release: S&P 500 Buybacks Decline 55.4% to -3-,DJGM15-Sep-20,GOOGL-US,DJ Press Release: S&P 500 Buybacks Decline 55.4% to -2-,DJGM15-Sep-20,GOOGL-US,DJ Press Release: S&P 500 Buybacks Decline 55.4% to $88.7 Billion; Significant Reductions Expected to continue in Q3 2020,DJGM10-Sep-20,GOOGL-US,DJ Press Release: Kaleyra Launches Verified Calls Services for Google,DJGM3-Sep-20,GOOGL-US,Google LLC(GOOAV-US) Schedules The Premier Dev Conference for 19-October-2020,FCSTEV2-Sep-20,GOOGL-US,"DJ Press Release: Sezzle Activates Google Pay and Apple Pay, Extending its Reach into In-Store Retail",DJGM27-Aug-20,GOOGL-US,DJ Press Release: Ware2Go Integrates With Google to Deliver 'Free and Fast' Shipping Commitments to Online Shoppers,DJGM27-Aug-20,GOOGL-US,DJ Press Release: Google Cloud and STS to Automate U.S. Navy Maintenance Inspections Using AI and ML Technology,DJGM27-Aug-20,GOOGL-US,DJ Press Release: Rackspace Technology and Google Cloud deliver retail sales and marketing efficiency for Eagle Eye,DJGM25-Aug-20,GOOGL-US,Headline: DJ S&PGR Report: US Big Tech Faces Regulatory Scrutiny,DJGM25-Aug-20,GOOGL-US,DJ Press Release: S&PGR Report: US Big Tech Faces Regulatory Scrutiny,DJGM24-Aug-20,GOOGL-US,DJ Press Release: Google Cloud and Amwell Partner to Transform and Expand Access to Virtual Care,DJGM18-Aug-20,GOOGL-US,"Hagens Berman: Android App Developers Sue Google Claiming Play Store Illegally Monopolizes Markets for Android App Distribution and In-App Payment Processing, Violates Antitrust Laws",BW6-Aug-20,GOOGL-US,DJ Press Release: Equinix Becomes a Google Cloud Premier Partner,DJGM5-Aug-20,GOOGL-US,DJ Press Release: Bricks 4 Kidz eLearning Announces Inclusion in Google's Small Business Supplier Diversity Program,DJGM4-Aug-20,GOOGL-US,DJ Press Release: Domo Enhances its COVID-19 Global Tracker with Google and Apple Mobility Trends,DJGM4-Aug-20,GOOGL-US,DJ Press Release: Google Cloud Partners with Best Buy to Deliver Improved Customer Experience,DJGM3-Aug-20,GOOGL-US,DJ Moody's Assigns Aa2 Rating To Alphabet's Proposed New Senior Unsecured Notes,DJGM3-Aug-20,GOOGL-US,Headline: DJ S&PGR Rates Alphabet's Proposed Unsecured Notes 'AA+',DJGM3-Aug-20,GOOGL-US,DJ Press Release: S&PGR Rates Alphabet's Proposed Unsecured Notes 'AA+',DJGM3-Aug-20,GOOGL-US,DJ Press Release: Gear4 Launches Cases for New Google Pixel 4a Phone,DJGM3-Aug-20,GOOGL-US,DJ Press Release: U.S. Cellular Launching Google Pixel 4a on August 20,DJGM3-Aug-20,GOOGL-US,DJ Press Release: BankMobile Announces a Collaboration with Google to Offer Digital Bank Accounts,DJGM3-Aug-20,GOOGL-US,DJ Press Release: BMO among Select U.S. Banks to Offer Digital Accounts Managed Via Google Pay,DJGM3-Aug-20,GOOGL-US,DJ Press Release: ADT and Google Partner To Create Leading Smart Home Security Offering,DJGM30-Jul-20,GOOGL-US,Moonbug Entertainment Acquires YouTube Sensations CoComelon and Blippi to Become World's Largest Digital Kids Media Company,PRNE28-Jul-20,GOOGL-US,DJ Press Release: Promethean Joins Google for Education Partner Program,DJGM28-Jul-20,GOOGL-US,"DJ Press Release: Orange and Google Cloud to form strategic partnership in data, AI and edge computing services",DJGM23-Jul-20,GOOGL-US,DJ Press Release: Box and Google Cloud Deepen Strategic Partnership to Transform Work in the Cloud,DJGM16-Jul-20,GOOGL-US,DJ Press Release: eGain Adds Google's Business Messages support to its Messaging Hub,DJGM15-Jul-20,GOOGL-US,DJ Press Release: Digital Reasoning and Google Cloud Announce Global Strategic Partnership to Deliver Financial Services Solutions in the Cloud,DJGM14-Jul-20,GOOGL-US,Google Cloud Demonstrates Enterprise Customer Momentum at Next '20: OnAir,PRN14-Jul-20,GOOGL-US,DJ Press Release: Afterpay and Google Pay Deliver Buy-Now-Pay-Later Payments for Brick-and-Mortar Retailers,DJGM13-Jul-20,GOOGL-US,DJ Press Release: Verizon powers intuitive customer experiences with Google Cloud,DJGM8-Jul-20,GOOGL-US,"Alphabet, Inc.(GOOGL-US) Schedules Q2 2020 Earnings Release for 30-July-2020 After Market Hours ET",FCSTEV8-Jul-20,GOOGL-US,"Alphabet, Inc.(GOOGL-US) Schedules Q2 2020 Earnings Call for 30-July-2020 4:30 PM ET",FCSTEV7-Jul-20,GOOGL-US,DJ Press Release: Schwab Announces Action on Google Integration,DJGM30-Jun-20,GOOGL-US,DJ Press Release: Perficient Earns Google Cloud Premier Partner Status,DJGM30-Jun-20,GOOGL-US,DJ Press Release: IEIC Welcomes Netskope as a Founding Member,DJGM30-Jun-20,GOOGL-US,IEIC Welcomes Netskope as a Founding Member,PRN29-Jun-20,GOOGL-US,"DJ Press Release: OnTech Smart Services expands partnership with Google, Nest installation booking capability now available via Google Store",DJGM26-Jun-20,GOOGL-US,DJ Press Release: LivePerson integrates with Google's Business Messages to help brands connect with customers directly from Google Search and Maps,DJGM17-Jun-20,GOOGL-US,DJ Press Release: Attorney General Tong Asks Apple and Google to Ensure All Contact Tracing Apps Serve a Public Health Purpose,DJGM4-Jun-20,GOOGL-US,DJ Press Release: HCL and Google Cloud Expand Partnership to Digitally Transform Commerce,DJGM1-Jun-20,GOOGL-US,Dr. Vint Cerf to Deliver Keynote Address for IEIC Virtual Summit Series Event I,PRN28-May-20,GOOGL-US,DJ Press Release: AEEC-Google COVID-19 Solutions,DJGM26-May-20,GOOGL-US,DJ Press Release: IEIC Welcomes Akamai as New Founding Member,DJGM26-May-20,GOOGL-US,IEIC Welcomes Akamai as New Founding Member,PRN22-May-20,GOOGL-US,DJ Press Release: RESAAS Announces Addition of YouTube Live for Virtual Showcase,DJGM20-May-20,GOOGL-US,DJ Press Release: Dell Technologies Cloud and Google Cloud Launch Hybrid Storage Solution,DJGM20-May-20,GOOGL-US,DJ Press Release: Dell Technologies Cloud and Google -2-,DJGM13-May-20,GOOGL-US,Alphabet's Loon and Vodacom partner to increase rural internet access in Mozambique,PMZ13-May-20,GOOGL-US,DJ Press Release: Alphabet's Loon and Vodacom partner to increase rural internet access in Mozambique,DJGM12-May-20,GOOGL-US,DJ Press Release: Internet Ecosystem Innovation Committee Announces Virtual Summit Series Featuring Industry Luminaries,DJGM10-May-20,GOOGL-US,DJ Press Release: IEIC Welcomes Uber Technologies as New Founding Member,DJGM7-May-20,GOOGL-US,DJ Press Release: ViacomCBS and Google Announce Expanded Distribution Agreement,DJGM6-May-20,GOOGL-US,DJ Press Release: Qualys Announces General Availability of Qualys Cloud Agent on Google Cloud,DJGM5-May-20,GOOGL-US,DJ Press Release: Google Cloud and Splunk Announce Strategic Partnership to Help Customers Gain Deeper Insights from Data,DJGM5-May-20,GOOGL-US,DJ Press Release: Worldpay from FIS Enables One-Click Google Pay Integration for Merchants,DJGM29-Apr-20,GOOGL-US,DJ Press Release: HAPS Alliance Members Outline Commercial Opportunity in Earth's Stratosphere,DJGM29-Apr-20,GOOGL-US,"Google Meet premium video conferencing free for everyone, everywhere",PRN28-Apr-20,GOOGL-US,DJ Press Release: Electronic Arts and Google Announce Partnership to Bring EA Games to Stadia,DJGM27-Apr-20,GOOGL-US,DJ Press Release: Google and AudioCodes Collaborate to Bring Telephony Voice Services to Google Dialogflow Virtual Agents,DJGM26-Apr-20,GOOGL-US,"Alphabet, Inc.(GOOGL-US) Schedules Annual General Meeting for 3-June-2020 12:00 PM ET",FCSTEV23-Apr-20,GOOGL-US,DJ Press Release: NetBet UK & IE Integrates Google Pay,DJGM20-Apr-20,GOOGL-US,"Alphabet, Inc.(GOOGL-US) Schedules Q1 2020 Earnings Call for 28-April-2020 4:30 PM ET",FCSTEV20-Apr-20,GOOGL-US,"Alphabet, Inc.(GOOGL-US) Schedules Q1 2020 Earnings Release for 28-April-2020 After Market Hours ET",FCSTEV25-Mar-20,GOOGL-US,DJ Press Release: Primo Nutraceuticals Inc. Provides Updates on Company via YouTube Channel,DJGM23-Mar-20,GOOGL-US,DJ Press Release: T-Mobile and YouTube Team Up to Give Un-carrier Customers Free YouTube Premium for Two Months,DJGM10-Mar-20,GOOGL-US,Lloyds Banking Group collaborates with Google Cloud,PRN9-Mar-20,GOOGL-US,DJ Press Release: Appian Announces Expanded Partnership with Google Cloud,DJGM5-Mar-20,GOOGL-US,"DJ Press Release: Sinclair Broadcast Group, YouTube TV Renew Licenses on 19 Regional Sports Networks, Ensuring Continued Access for Millions of Fans",DJGM5-Mar-20,GOOGL-US,"DJ Press Release: Google Cloud Unveils Strategy for Telecommunications Industry, Announces New Solutions, Customers, and Partners",DJGM5-Mar-20,GOOGL-US,DJ Press Release: AT&T and Google Cloud Team Up to Enable Network Edge 5G Computing Solutions for Enterprises,DJGM5-Mar-20,GOOGL-US,DJ Press Release: Amdocs and Google Cloud Announce Strategic Partnership to Accelerate Communication Providers' Journeys to the Cloud,DJGM24-Feb-20,GOOGL-US,"DJ Press Release: Kinetic by Windstream, YouTube TV Announce Partnership",DJGM20-Feb-20,GOOGL-US,DJ Press Release: CrowdStrike Announces Automated Sensor Deployment for Falcon on Google Cloud,DJGM18-Feb-20,GOOGL-US,DJ Press Release: Pure Joins Google Cloud Anthos Ready Storage Initiative,DJGM18-Feb-20,GOOGL-US,DJ Press Release: AMD EPYC(TM) Cloud Adoption Grows with Google Cloud,DJGM13-Feb-20,GOOGL-US,"Alphabet, Inc.(GOOGL-US) Schedules Morgan Stanley Technology Media & Telecom Conference for 2-March-2020 6:00 PM ET",FCSTEV6-Feb-20,GOOGL-US,"DJ Press Release: Carttera and Google Sign a 400,000 sf Long-term Office Lease at 65 King East, Toronto",DJGM31-Jan-20,GOOGL-US,"Thinking about trading options or stock in Amazon.com, Caterpillar, Alphabet Inc, PayPal, or Western Digital Corp?",PRN29-Jan-20,GOOGL-US,DJ Press Release: Know Labs Formally Announces its YouTube Channel,DJGM29-Jan-20,GOOGL-US,DJ Press Release: Temenos and Google Cloud Announce Global Strategic Partnership to Accelerate Banks' Digital Transformation in the Cloud,DJGM24-Jan-20,GOOGL-US,Activision Blizzard And Google Enter Into Multi-Year Strategic Relationship To Power New Player Experiences,PRN24-Jan-20,GOOGL-US,"Alphabet, Inc.(GOOGL-US) Schedules Goldman Sachs Technology & Internet Conference for 11-February-2020 11:55 AM ET",FCSTEV21-Jan-20,GOOGL-US,DJ Press Release: Sabre forges 10-year partnership with Google to build the future of travel,DJGM9-Jan-20,GOOGL-US,"Alphabet, Inc.(GOOGL-US) Schedules Q4 2019 Earnings Call for 3-February-2020 5:00 PM ET",FCSTEV9-Jan-20,GOOGL-US,"Alphabet, Inc.(GOOGL-US) Schedules Q4 2019 Earnings Release for 3-February-2020 After Market Hours ET",FCSTEV7-Jan-20,GOOGL-US,DJ Press Release: Renesas Electronics' High-Efficiency Power Management IC Adopted in Google Coral AI Products,DJGM23-Dec-19,GOOGL-US,Verily Partners with Emory Healthcare to Analyze Medication and Lab Ordering Patterns for Improved Cost-Effectiveness and Operational Efficiency,BW20-Dec-19,GOOGL-US,DJ Press Release: DISH introduces Google Nest Hello to the Hopper platform,DJGM18-Dec-19,GOOGL-US,Industry Stakeholders Reach Consensus on Propagation Models and Interference Protection Criteria for Spectrum Sharing in the 6 GHz Band,BW17-Dec-19,GOOGL-US,DJ Press Release: S&P 500 buybacks reverse declines -2-,DJGM17-Dec-19,GOOGL-US,DJ Press Release: S&P 500 buybacks reverse declines in Q3 2019; expenditures remain lower than the 2018 levels,DJGM17-Dec-19,GOOGL-US,"DJ Press Release: In partnership with Atos, Damart innovates by launching its voice application via Google Assistant",DJGM16-Dec-19,GOOGL-US,DJ Press Release: McAfee and Google Cloud Announce Partnership to Integrate McAfee Security Solutions with Google Cloud Platform,DJGM16-Dec-19,GOOGL-US,DJ Press Release: Google Cloud and Palo Alto Networks Expand Strategic Partnership,DJGM16-Dec-19,GOOGL-US,DJ Press Release: Fortinet Tightens Partnership with Google Cloud to Provide Advanced Cloud Security and Accelerate the Cloud On-Ramp,DJGM12-Dec-19,GOOGL-US,DJ Press Release: Bandwidth brings Verified SMS by Google to market with customers KAYAK and Fivestars,DJGM5-Dec-19,GOOGL-US,Wireless Innovation Forum Announces 2019 Innovation Award Winners and Welcomes Four New Board of Directors Members at Annual Meeting ,BW26-Nov-19,GOOGL-US,DJ Press Release: Best Google Pixel 3 & 4 Black Friday 2019 Deals: Contract & Unlocked Google Pixel Cell Phone Savings Compared by Save Bubble,DJGM26-Nov-19,GOOGL-US,"DJ Press Release: ""Hey Google, ask WestJet...""",DJGM21-Nov-19,GOOGL-US,DJ Press Release: cPacket Networks to Offer Cloud Visibility Service with Google Cloud,DJGM20-Nov-19,GOOGL-US,DJ Press Release: NetApp and Google Cloud Advance Strategic Partnership to Drive Innovation in the Cloud,DJGM20-Nov-19,GOOGL-US,NetApp and Google Cloud Advance Strategic Partnership to Drive Innovation in the Cloud,BW19-Nov-19,GOOGL-US,DJ Press Release: Iron Mountain Extends Digital Capabilities for Companies in Various Stages of Transformation at Google Cloud Next London,DJGM18-Nov-19,GOOGL-US,DJ Press Release: Eros Now Announces Collaboration with YouTube Music,DJGM14-Nov-19,GOOGL-US,"DJ Press Release: Xero unveils deeper integrations with Microsoft Office 365, Google, HubSpot and more to solve the small business data silo",DJGM14-Nov-19,GOOGL-US,DJ Press Release: The Google Pixel 4 and the Google Pixel 4 XL are Now Available on Quality One Managed Partner Websites,DJGM12-Nov-19,GOOGL-US,DJ Press Release: Synaptics VideoSmart SoC Approved for Widevine CAS on Android TV Platforms,DJGM11-Nov-19,GOOGL-US,DJ Moody's Announces Completion Of A Periodic Review Of Ratings Of Alphabet Inc.,DJGM11-Nov-19,GOOGL-US,DJ Press Release: Google News Initiative Partners with Lee Enterprises and TownNews on Dynamic Paywall,DJGM6-Nov-19,GOOGL-US,DJ Press Release: AES and Google Create Strategic Alliance to Accelerate the Future of Energy,DJGM1-Nov-19,GOOGL-US,DJ Press Release: Fitbit to Be Acquired by Google,DJGM31-Oct-19,GOOGL-US,DJ Press Release: HCL Technologies Launches a Dedicated Google Cloud Business Unit to Accelerate Enterprise Cloud Adoption,DJGM31-Oct-19,GOOGL-US,HCL Technologies Launches a Dedicated Google Cloud Business Unit to Accelerate Enterprise Cloud Adoption,BW30-Oct-19,GOOGL-US,DJ Press Release: SiriusXM Coming to the Google Assistant,DJGM30-Oct-19,GOOGL-US,"DJ Press Release: Amazon, Microsoft, Google and Alibaba Strengthen their Grip on the Public Cloud Market",DJGM29-Oct-19,GOOGL-US,6 Tech Trends Transforming The World,PRN25-Oct-19,GOOGL-US,"Alphabet, Inc.(GOOGL-US) Schedules Qt World Summit for 5-November-2019",FCSTEV24-Oct-19,GOOGL-US,DJ Press Release: Google Pixel 4 and Pixel 4XL smartphones arrive on C Spire 4G LTE network today,DJGM24-Oct-19,GOOGL-US,Verily Partners with Veterans Administration Palo Alto Healthcare System and Atrius Health to Deploy Solutions for Improving Population Health and the Value of Care Delivery,BW22-Oct-19,GOOGL-US,"DJ Press Release: Teradata Moves the Cloud Forward with Extended Cloud Analytics Offerings and New Partner, Google Cloud",DJGM26-Sep-19,GOOGL-US,"Alphabet, Inc.(GOOGL-US) Schedules Q3 2019 Earnings Call for 28-October-2019 5:00 PM ET",FCSTEV26-Sep-19,GOOGL-US,"Alphabet, Inc.(GOOGL-US) Schedules Q3 2019 Earnings Release for 28-October-2019 After Market Hours ET",FCSTEV13-Sep-19,GOOGL-US,"Alphabet, Inc.(GOOGL-US) Schedules AI Hardware Summit for 17-September-2019",FCSTEV12-Sep-19,GOOGL-US,Mayo Clinic at the Heart of Healthcare With Rising Number of Innovative Collaborations,PRN2-Jul-19,GOOGL-US,BetterInvesting Magazine Releases September Stock To Study And Undervalued Stock Choices For Investors' Informational And Educational Use,PRN24-Jun-19,GOOGL-US,"Alphabet, Inc.(GOOGL-US) Schedules Q2 2019 Earnings Release for 25-July-2019 After Market Hours ET",FCSTEV24-Jun-19,GOOGL-US,"Alphabet, Inc.(GOOGL-US) Schedules Q2 2019 Earnings Call for 25-July-2019 4:30 PM ET",FCSTEV21-May-19,GOOGL-US,"Verily Forms Strategic Alliances with Novartis, Otsuka, Pfizer and Sanofi to Transform Clinical Research",BW16-May-19,GOOGL-US,Verily Launches Baseline Health System Consortium With Vanguard Health Systems,BW6-May-19,GOOGL-US,Welltower Expands Leadership Team in Investments,PRN1-May-19,GOOGL-US,"Alphabet, Inc.(GOOGL-US) Schedules Annual General Meeting for 19-June-2019 12:00 PM ET",FCSTEV10-Apr-19,GOOGL-US,"Accenture and Google Cloud Expand Strategic Collaboration, Announce New Enterprise Solutions in Customer Experience Transformation",BW5-Apr-19,GOOGL-US,"Alphabet, Inc.(GOOGL-US) Schedules NAB Show for 6-April-2019",FCSTEV19-Mar-19,GOOGL-US,"Alphabet, Inc.(GOOGL-US) Schedules Q1 2019 Earnings Release for 29-April-2019 After Market Hours ET",FCSTEV19-Mar-19,GOOGL-US,"Alphabet, Inc.(GOOGL-US) Schedules Q1 2019 Earnings Call for 29-April-2019 4:30 PM ET",FCSTEV12-Mar-19,GOOGL-US,"Alphabet, Inc.(GOOGL-US) Schedules Enterprise Connect Conference for 18-March-2019",FCSTEV28-Feb-19,GOOGL-US,"Alphabet, Inc.(GOOGL-US) Schedules Optical Networking and Communication Conference - Panel for 4-March-2019 4:20 PM ET",FCSTEV28-Feb-19,GOOGL-US,"Consolidated Research: 2019 Summary Expectations for Alphabet, Aflac, Natus Medical, SPS Commerce, Semtech, and Brunswick - Fundamental Analysis, Key Performance Indications",PMZ25-Feb-19,GOOGL-US,"Alphabet, Inc.(GOOGL-US) Schedules Morgan Stanley Technology Media & Telecom Conference for 25-February-2019 6:00 PM ET",FCSTEV11-Feb-19,GOOGL-US,"Alphabet, Inc.(GOOGL-US) Schedules LiveRamp RampUp Conference for 25-February-2019",FCSTEV24-Jan-19,GOOGL-US,"Alphabet, Inc.(GOOGL-US) Schedules Money20/20 Asia Conference for 19-March-2019",FCSTEV23-Jan-19,GOOGL-US,"Alphabet, Inc.(GOOGL-US) Schedules Goldman Sachs Technology & Internet Conference for 12-February-2019 11:15 AM ET",FCSTEV17-Jan-19,GOOGL-US,"Alphabet, Inc.(GOOGL-US) Schedules eGain Customer Contact Week Conference for 24-June-2019",FCSTEV10-Jan-19,GOOGL-US,Cohen Milstein Files Lawsuit on Behalf of Alphabet Shareholders against Company Board,BW7-Jan-19,GOOGL-US,"Alphabet, Inc.(GOOGL-US) Schedules Q4 2018 Earnings Release for 4-February-2019 After Market Hours ET",FCSTEV7-Jan-19,GOOGL-US,"Alphabet, Inc.(GOOGL-US) Schedules Q4 2018 Earnings Call for 4-February-2019 4:30 PM ET",FCSTEV3-Jan-19,GOOGL-US,"Alphabet, Inc.(GOOGL-US) Schedules Data Science Leaders Summit for 23-May-2019",FCSTEV10-Dec-18,GOOGL-US,SHAREHOLDER ALERT: TRVN GOOG GOOGL CWH HON FIT SYF RYAAY TSRO MGI: The Law Offices of Vincent Wong Reminds Investors of Important Class Action Deadlines,PMZ10-Dec-18,GOOGL-US,"FINAL DEADLINE ALERT -- Bronstein, Gewirtz & Grossman, LLC Reminds Investors With Losses Exceeding $1M of Class Action Against Alphabet Inc. (GOOG, GOOGL) & Lead Plaintiff Deadline -- December 10, 2018",PMZ9-Dec-18,GOOGL-US,"ALPHABET 24 HOUR DEADLINE ALERT: Approximately 24 Hours Remain; ClaimsFiler Reminds Investors with Losses in Excess of $100,000 of Deadline in Class Action Lawsuits against Alphabet Inc. - GOOG, GOOGL",BW9-Dec-18,GOOGL-US,"CLASS ACTION UPDATE for TRVN, SFIX, GOOG and CWH: Levi & Korsinsky, LLP Reminds Investors of Class Actions on Behalf of Shareholders",PMZ7-Dec-18,GOOGL-US,"ALPHABET 72 HOUR DEADLINE ALERT: Approximately 72 Hours Remain; Former Louisiana Attorney General and Kahn Swick & Foti, LLC Remind Investors with Losses in Excess of $100,000 of Deadline in Class Action Lawsuits against Alphabet Inc. - GOOG, GOOGL",BW7-Dec-18,GOOGL-US,"The Klein Law Firm Reminds Investors of Class Actions on Behalf of Shareholders of APOG, TRVN, GOOG, NKTR and RYAAY",PMZ7-Dec-18,GOOGL-US,"MONDAY DEADLINE: The Schall Law Firm Announces it is Investigating Claims Against Alphabet Inc. and Encourages Investors with Losses in Excess of $100,000 to Contact the Firm",BW7-Dec-18,GOOGL-US,"Detailed Research: Economic Perspectives on PayPal, Alphabet, Southern, Interpace Diagnostics Group, Edwards Lifesciences, and Laboratory Corporation of America - What Drives Growth in Today's Competitive Landscape",PMZ4-Dec-18,GOOGL-US,"GOOG, GOOGL LOSS DEADLINE NOTICE: Rosen Law Firm Reminds Alphabet Inc. Investors with Losses in Excess of $200K of Important December 10 Deadline in First-Filed Case",PMZ3-Dec-18,GOOGL-US,SHAREHOLDER ALERT: JT TRVN GOOG CWH OZK NKTR SYF AQUA GSKY: The Law Offices of Vincent Wong Reminds Investors of Important Class Action Deadlines,PMZ2-Dec-18,GOOGL-US,"CLASS ACTION UPDATE for GOOG, OZK, IGCC and NKTR: Levi & Korsinsky, LLP Reminds Investors of Class Actions on Behalf of Shareholders",PMZ30-Nov-18,GOOGL-US,"ALPHABET SHAREHOLDER ALERT: CLAIMSFILER Reminds Investors with Losses in Excess of $100,000 of Lead Plaintiff Deadline in Class Action Lawsuit Against Alphabet Inc. - GOOG, GOOGL",PMZ30-Nov-18,GOOGL-US,"Rosen Law Firm Reminds Alphabet Inc. Investors of Important December 10 Deadline in First-Filed Case - GOOG, GOOGL",PMZ30-Nov-18,GOOGL-US,"SHAREHOLDER ALERT: Pomerantz Law Firm Reminds Shareholders with Losses on their Investment in Alphabet, Inc. of Class Action Lawsuit and Upcoming Deadline - GOOG",PMZ30-Nov-18,GOOGL-US,"The Klein Law Firm Reminds Investors of Class Actions on Behalf of Shareholders of GOOG, OZK, NKTR, FIT and TSRO",PMZ28-Nov-18,GOOGL-US,"Kaskela Law LLC Announces Shareholder Class Action Lawsuit Filed Against Alphabet, Inc. - GOOG GOOGL",NEWS_ACW28-Nov-18,GOOGL-US,"CLASS ACTION UPDATE for SFIX, GOOG and OZK: Levi & Korsinsky, LLP Reminds Investors of Class Actions on Behalf of Shareholders",PMZ26-Nov-18,GOOGL-US,SHAREHOLDER ALERT: HAS CPB ADNT SFIX GOOG CWH OZK NKTR AQUA RBBN: The Law Offices of Vincent Wong Reminds Investors of Important Class Action Deadlines,PMZ26-Nov-18,GOOGL-US,"Alphabet, Inc.(GOOGL-US) Schedules (CES) Consumer Electronic Show - Panel for 8-January-2019 2:00 PM ET",FCSTEV23-Nov-18,GOOGL-US,"ALPHABET SHAREHOLDER ALERT BY FORMER LOUISIANA ATTORNEY GENERAL: KAHN SWICK & FOTI, LLC REMINDS INVESTORS WITH LOSSES IN EXCESS OF $100,000 of Lead Plaintiff Deadline in Class Action Lawsuits Against Alphabet Inc. - GOOG, GOOGL",PMZ23-Nov-18,GOOGL-US,"SHAREHOLDER ALERT:  Pomerantz Law Firm Reminds Shareholders with Losses on their Investment in Alphabet, Inc. of Class Action Lawsuit and Upcoming Deadline - GOOG",PMZ20-Nov-18,GOOGL-US,"CLASS ACTION UPDATE for ADNT, SFIX and GOOG: Levi & Korsinsky, LLP Reminds Investors of Class Actions on Behalf of Shareholders",PMZ19-Nov-18,GOOGL-US,"The Klein Law Firm Reminds Investors of Class Actions on Behalf of Shareholders of TGTX, MGTI, HAS, CPB and GOOG",PMZ18-Nov-18,GOOGL-US,"STOCKHOLDER ALERT: Kaskela Law LLC Announces Stockholder Class Action Against Alphabet, Inc. and Encourages Investors to Contact the Firm - GOOG",PMZ18-Nov-18,GOOGL-US,SHAREHOLDER ALERT: TGTX ABBV MGTI HAS CPB CHGG ADNT GOOG NKTR SYF RBBN: The Law Offices of Vincent Wong Reminds Investors of Important Class Action Deadlines,PMZ16-Nov-18,GOOGL-US,"ALPHABET SHAREHOLDER ALERT: ClaimsFiler Reminds Investors with Losses in Excess of $100,000 of Lead Plaintiff Deadline in Class Action Lawsuit Against Alphabet Inc. - GOOG, GOOGL",BW16-Nov-18,GOOGL-US,"SHAREHOLDER ALERT:  Pomerantz Law Firm Reminds Shareholders with Losses on their Investment in Alphabet, Inc. of Class Action Lawsuit and Upcoming Deadline - GOOG",PMZ15-Nov-18,GOOGL-US,"GOOG GOOGL NOTICE ALERT: Rosen Law Firm Files First Securities Class Action Lawsuit Against Alphabet Inc.; Important Deadline - GOOG, GOOGL",PMZ14-Nov-18,GOOGL-US,"The Klein Law Firm Reminds Investors of Class Actions on Behalf of Shareholders of GOOG, FIT and SYF",PMZ9-Nov-18,GOOGL-US,"ALPHABET SHAREHOLDER ALERT: CLAIMSFILER REMINDS INVESTORS WITH LOSSES IN EXCESS OF $100,000 of Lead Plaintiff Deadline in Class Action Lawsuit Against Alphabet Inc. - GOOG, GOOGL",PRN9-Nov-18,GOOGL-US,"SHAREHOLDER ALERT:  Pomerantz Law Firm Reminds Shareholders with Losses on their Investment in Alphabet, Inc. of Class Action Lawsuit and Upcoming Deadline - GOOG",PMZ8-Nov-18,GOOGL-US,"Consumer Demand for Alternative, Energy Efficient Transportation Creating Electric Vehicle Revolution",PRN7-Nov-18,GOOGL-US,"SHAREHOLDER ALERT:  Pomerantz Law Firm Reminds Shareholders with Losses on their Investment in Alphabet, Inc. of Class Action Lawsuit and Upcoming Deadline - GOOG",PRN6-Nov-18,GOOGL-US,"The Klein Law Firm Reminds Investors of Class Actions on Behalf of Shareholders of COCP, TGTX, HAS, ADNT and GOOG",PMZ5-Nov-18,GOOGL-US,"INVESTOR ACTION ALERT: The Schall Law Firm Announces the Filing of a Class Action Lawsuit Against Alphabet, Inc. and Encourages Investors with Losses in Excess of $100,000 to Contact the Firm",PMZ5-Nov-18,GOOGL-US,SHAREHOLDER ALERT: PVG USAT COCP JT GOOG OZK NKTR FIT: The Law Offices of Vincent Wong Reminds Investors of Important Class Action Deadlines,PMZ2-Nov-18,GOOGL-US,"ALPHABET SHAREHOLDER ALERT by Former Louisiana Attorney General: Kahn Swick & Foti, LLC Reminds Investors with Losses in Excess of $100,000 of Lead Plaintiff Deadline in Class Action Lawsuits Against Alphabet Inc. - GOOG, GOOGL",BW2-Nov-18,GOOGL-US,"SHAREHOLDER ALERT:  Pomerantz Law Firm Reminds Shareholders with Losses on their Investment in Alphabet, Inc. of Class Action Lawsuit and Upcoming Deadline - GOOG",PMZ2-Nov-18,GOOGL-US,"INVESTOR ALERT: Kaskela Law LLC Announces Class Action Lawsuit Against Alphabet, Inc. and Encourages Investors to Contact the Firm - GOOG",NEWS_ACW31-Oct-18,GOOGL-US,SHAREHOLDER ALERT: OPK PVG USAT ABBV CHGG ACHC JT ADNT GOOG CWH OZK DY: The Law Offices of Vincent Wong Reminds Investors of Important Class Action Deadlines,PMZ30-Oct-18,GOOGL-US,SHAREHOLDER ALERT: COCP TGTX ABBV ALNY MGTI HAS CPB HTHT SFIX GOOG OZK: The Law Offices of Vincent Wong Reminds Investors of Important Class Action Deadlines,PMZ28-Oct-18,GOOGL-US,"The Klein Law Firm Reminds Investors of Class Actions on Behalf of Shareholders of MGTI, HAS, TRVN, GOOG and DY",PMZ26-Oct-18,GOOGL-US,"ALPHABET SHAREHOLDER ALERT: CLAIMSFILER REMINDS INVESTORS WITH LOSSES IN EXCESS OF $100,000 of Lead Plaintiff Deadline in Class Action Lawsuit Against Alphabet Inc. - GOOG, GOOGL",PMZ26-Oct-18,GOOGL-US,"GOOG GOOGL LOSS NOTICE: Rosen Law Firm Files Fist Securities Class Action Lawsuit Against Alphabet Inc. - GOOG, GOOGL",PRN26-Oct-18,GOOGL-US,"SHAREHOLDER ALERT:  Pomerantz Law Firm Reminds Shareholders with Losses on their Investment in Alphabet, Inc. of Class Action Lawsuit and Upcoming Deadline - GOOG",PMZ25-Oct-18,GOOGL-US,SHAREHOLDER ALERT: MCHP ABBV MGTI HAS ACHC ADNT TRVN HTHT GOOG: The Law Offices of Vincent Wong Reminds Investors of Important Class Action Deadlines,PMZ19-Oct-18,GOOGL-US,"ALPHABET SHAREHOLDER ALERT BY FORMER LOUISIANA ATTORNEY GENERAL: Kahn Swick & Foti, LLC Reminds Investors with Losses in Excess of $100,000 of Lead Plaintiff Deadline in Class Action Lawsuits Against Alphabet Inc. - GOOG, GOOGL",PRN19-Oct-18,GOOGL-US,"SHAREHOLDER ALERT:  Pomerantz Law Firm Reminds Shareholders with Losses on their Investment in Alphabet, Inc. of Class Action Lawsuit and Upcoming Deadline - GOOG",PMZ16-Oct-18,GOOGL-US,"SHAREHOLDER ALERT - Bronstein, Gewirtz & Grossman, LLC Notifies Investors With Losses Exceeding $100K in Losses of Class Action Against Alphabet Inc. (GOOG, GOOGL) & Lead Plaintiff Deadline: December 10, 2018",PMZ14-Oct-18,GOOGL-US,SHAREHOLDER ALERT: PDD AMPE MCHP MGTI HAS ADNT TRVN HTHT SFIX GOOG: The Law Offices of Vincent Wong Reminds Investors of Important Class Action Deadlines,PMZ12-Oct-18,GOOGL-US,"ALPHABET SHAREHOLDER ALERT BY FORMER LOUISIANA ATTORNEY GENERAL: KAHN SWICK & FOTI, LLC REMINDS INVESTORS WITH LOSSES IN EXCESS OF $100,000 of Lead Plaintiff Deadline in Class Action Lawsuits Against Alphabet Inc. - GOOG, GOOGL",PMZ12-Oct-18,GOOGL-US,"Gainey McKenna & Egleston Announces A Class Action Lawsuit  Has Been Filed Against Alphabet, Inc. (GOOG, GOOGL)",PMZ12-Oct-18,GOOGL-US,"IMPORTANT INVESTOR NOTICE: The Schall Law Firm Announces the Filing of a Class Action Lawsuit Against Alphabet, Inc. and Encourages Investors with Losses in Excess of $100,000 to Contact the Firm",BW12-Oct-18,GOOGL-US,"Federman & Sherwood Announces Filing of Securities Class Action Lawsuit against Alphabet, Inc.",BW11-Oct-18,GOOGL-US,"Pomerantz Law Firm Announces the Filing of a Class Action against Alphabet, Inc. and Certain Officers - GOOG",PMZ11-Oct-18,GOOGL-US,"EQUITY ALERT: Rosen Law Firm Files Securities Class Action Lawsuit Against Alphabet Inc. - GOOG, GOOGL",BW11-Oct-18,GOOGL-US,"SHAREHOLDER ALERT: Bronstein, Gewirtz & Grossman, LLC Announces Investigation of Alphabet Inc. (GOOG, GOOGL)",PRN10-Oct-18,GOOGL-US,SHAREHOLDER ALERT: Pomerantz Law Firm Investigates Claims On Behalf of Investors of Alphabet Inc. - GOOG,PRN9-Oct-18,GOOGL-US,"Alphabet, Inc.(GOOGL-US) Schedules JAMstack Conference for 29-October-2018",FCSTEV8-Oct-18,GOOGL-US,"EQUITY ALERT: Rosen Law Firm Announces Investigation of Securities Claims Against Alphabet Inc. - GOOG, GOOGL",BW25-Sep-18,GOOGL-US,Moovly fully integrates into Google's GSuite,PMZ13-Sep-18,GOOGL-US,"Alphabet, Inc.(GOOGL-US) Schedules Q3 2018 Earnings Call for 25-October-2018 4:30 PM ET",FCSTEV13-Sep-18,GOOGL-US,"Alphabet, Inc.(GOOGL-US) Schedules Q3 2018 Earnings Release for 25-October-2018 After Market Hours ET",FCSTEV23-Jul-18,GOOGL-US,Reel Cash Brings Full Transparency to Streaming Services Ratings for the Benefit of Subscribers and Talent Worldwide,BW23-Jul-18,GOOGL-US,Alphabet Announces Second Quarter 2018 Results,NEWS_CR11-Jul-18,GOOGL-US,"ResMed, Verily to Form Joint Venture to Help Reach Millions of Untreated Sleep Apnea Sufferers",BW21-Jun-18,GOOGL-US,"Alphabet, Inc.(GOOGL-US) Schedules UBS Genomics Summit for 9-August-2018",FCSTEV20-Jun-18,GOOGL-US,"Alphabet, Inc.(GOOGL-US) Schedules Q2 2018 Earnings Release for 23-July-2018 After Market Hours ET",FCSTEV20-Jun-18,GOOGL-US,"Alphabet, Inc.(GOOGL-US) Schedules Q2 2018 Earnings Call for 23-July-2018 4:30 PM ET",FCSTEV8-May-18,GOOGL-US,Monet-Unterseekabel der nächsten Generation ist voll betriebsbereit,PRNE8-May-18,GOOGL-US,La próxima generación de cables submarinos Monet ya está totalmente operativa,PRNE8-May-18,GOOGL-US,Le câble sous-marin de nouvelle génération Monet est désormais pleinement opérationnel,PRNE4-May-18,GOOGL-US,"What's Happening with These Internet Stocks? -- Alphabet, Autohome, Bitauto, and ChinaCache",PRN1-May-18,GOOGL-US,"Alphabet, Inc.(GOOGL-US) Schedules Annual General Meeting for 6-June-2018 12:00 PM ET",FCSTEV26-Apr-18,GOOGL-US,"Recent Analysis Shows Alphabet, Northrop Grumman, HomeStreet, Galectin Therapeutics, AZZ, and Restoration Robotics Market Influences - Renewed Outlook, Key Drivers of Growth",PMZ23-Apr-18,GOOGL-US,Alphabet Announces First Quarter 2018 Results ,NEWS_CR3-Apr-18,GOOGL-US,"Stock Review for Internet's Investors -- Alphabet, Autohome, Bitauto, and ChinaCache",PRN18-Mar-18,GOOGL-US,"Alphabet, Inc.(GOOGL-US) Schedules Q1 2018 Earnings Release for 23-April-2018 After Market Hours ET",FCSTEV18-Mar-18,GOOGL-US,"Alphabet, Inc.(GOOGL-US) Schedules Q1 2018 Earnings Call for 23-April-2018 4:30 PM ET",FCSTEV22-Feb-18,GOOGL-US,"Alphabet, Inc.(GOOGL-US) Schedules Morgan Stanley Technology, Media & Telecom Conference for 26-February-2018 6:10 PM ET",FCSTEV1-Feb-18,GOOGL-US,Alphabet Announces Fourth Quarter 2017 Results,NEWS_CR1-Feb-18,GOOGL-US,Alphabet Inc. Class C to Host Earnings Call,NEWS_ACW30-Jan-18,GOOGL-US,Wireless Innovation Forum Completes Foundational Standards Enabling Operation in the 3.5 GHz CBRS Band,BW23-Jan-18,GOOGL-US,Search Discovery Announces European Expansion,PRN22-Jan-18,GOOGL-US,Search Discovery Announces European Expansion,PRNE19-Jan-18,GOOGL-US,"Alphabet, Inc.(GOOGL-US) Schedules Goldman Sachs Technology and Internet Conference for 13-February-2018 2:45 PM ET",FCSTEV14-Dec-17,GOOGL-US,"Alphabet, Inc.(GOOGL-US) Schedules Q4 2017 Earnings Call for 1-February-2018 4:30 PM ET",FCSTEV14-Dec-17,GOOGL-US,"Alphabet, Inc.(GOOGL-US) Schedules Q4 2017 Earnings Release for 1-February-2018 After Market Hours ET",FCSTEV14-Dec-17,GOOGL-US,"What's Happening With These Internet Stocks? -- Alphabet, Sohu.com, VeriSign, and InterActiveCorp",PRN9-Nov-17,GOOGL-US,"Alphabet, Inc.(GOOGL-US) Schedules Credit Suisse Global Technology, Media & Telecom Conference for 28-November-2017 10:15 AM ET",FCSTEV26-Oct-17,GOOGL-US,Alphabet Announces Third Quarter 2017 Results,NEWS_CR20-Oct-17,GOOGL-US,"How These Internet Stocks are Performing? -- Redfin, Zillow, Alphabet, and Match",PRN22-Sep-17,GOOGL-US,"Alphabet, Inc.(GOOGL-US) Schedules Q3 2017 Earnings Call for 26-October-2017 4:30 PM ET",FCSTEV22-Sep-17,GOOGL-US,"Alphabet, Inc.(GOOGL-US) Schedules Q3 2017 Earnings Release for 26-October-2017 After Market Hours ET",FCSTEV20-Sep-17,GOOGL-US,Google and HTC Announce US$1.1 Billion Cooperation Agreement,PRN20-Sep-17,GOOGL-US,"Alphabet, Inc.(GOOGL-US) Schedules Money20/20 Asia Conference for 13-March-2018",FCSTEV25-Aug-17,GOOGL-US,"Alphabet, Inc.(GOOGL-US) Schedules Citi Global Technology Conference for 7-September-2017 10:15 AM ET",FCSTEV24-Jul-17,GOOGL-US,Alphabet Second Quarter 2017 Financial Tables,NEWS_CR24-Jul-17,GOOGL-US,Alphabet Announces Second Quarter 2017 Results,NEWS_CR24-Jul-17,GOOGL-US,Alphabet Appoints Sundar Pichai to its Board of Directors,NEWS_CR30-Jun-17,GOOGL-US,Today's Research Reports on Stocks to Watch: Amazon and Google ,NEWS_ACW29-Jun-17,GOOGL-US,Corporate News Blog - Google's Comparison Shopping Service under Scrutiny; Faces $2.7 Billion Fine from the European Antitrust Commission,NEWS_ACW27-Jun-17,GOOGL-US,"Alphabet, Inc.(GOOGL-US) Schedules Q2 2017 Earnings Release for 24-July-2017 After Market Hours ET",FCSTEV27-Jun-17,GOOGL-US,"Alphabet, Inc.(GOOGL-US) Schedules Q2 2017 Earnings Call for 24-July-2017 5:00 PM ET",FCSTEV26-Jun-17,GOOGL-US,Alphabet Announces Date of Second Quarter 2017 Financial Results Conference Call,NEWS_CR26-Jun-17,GOOGL-US,Avis Budget Group Enters Into Partnership With Waymo to Support Its Self-Driving Car Program,PMZ12-Jun-17,GOOGL-US,Featured Company News - SoftBank to Acquire Boston Dynamics from Alphabet,NEWS_ACW8-Jun-17,GOOGL-US,SOFTBANK ANNOUNCES AGREEMENT TO ACQUIRE BOSTON DYNAMICS Companies to Collaborate in Advancing the Development of Smart Robotics Technologies,NEWS_CR8-Jun-17,GOOGL-US,SoftBank Announces Agreement to Acquire Boston Dynamics,BW25-May-17,GOOGL-US,"Alphabet Expected to Lead Innovation Across Affective Computing, Annual Growth at 34.7% Projecting Forward $53.98 Billion by 2021 - Review of Prime Factors of Influence: Emerging Trends Behind Revenue Expectations",NEWS_ACW5-May-17,GOOGL-US,Post Earnings Coverage as Alphabet's Q1 Results Outperformed Forecasts,NEWS_ACW3-May-17,GOOGL-US,E.ON and Google are launching partnership to expand solar energy,NEWS_CR1-May-17,GOOGL-US,"Alphabet, Inc.(GOOGL-US) Schedules Annual General Meeting for 7-June-2017 12:00 PM ET",FCSTEV1-May-17,GOOGL-US,Today's Research Reports on Stocks to Watch: Amazon and Alphabet,NEWS_ACW28-Apr-17,GOOGL-US,Alphabet Announces Internet Availability of Proxy Materials for its 2017 Annual Meeting of Stockholders,NEWS_CR27-Apr-17,GOOGL-US,Alphabet Announces Second Quarter 2017 Results,NEWS_CR27-Apr-17,GOOGL-US,Alphabet First Quarter 2017 Financial Tables,NEWS_CR27-Apr-17,GOOGL-US,Alphabet Announces First Quarter 2017 Results,NEWS_CR27-Apr-17,GOOGL-US,Investor Network: Alphabet Inc. Class A to Host Earnings Call,NEWS_ACW5-Apr-17,GOOGL-US,"Alphabet, Inc.(GOOGL-US) Schedules Q1 2017 Earnings Release for 27-April-2017 After Market Hours ET",FCSTEV5-Apr-17,GOOGL-US,"Alphabet, Inc.(GOOGL-US) Schedules Q1 2017 Earnings Call for 27-April-2017 4:30 PM ET",FCSTEV10-Feb-17,GOOGL-US,"Alphabet, Inc.(GOOGL-US) Schedules Venture Capital + Innovation Conference for 10-February-2017 10:05 AM ET",FCSTEV3-Feb-17,GOOGL-US,Post Earnings Coverage as Alphabet's Q4 Top-line Outperformed Forecasts,NEWS_ACW1-Feb-17,GOOGL-US,GOOGLE INC:Annual report ,NEWS_CR1-Feb-17,GOOGL-US,"Alphabet, Inc.(GOOGL-US) Schedules Morgan Stanley Technology, Media & Telecom Conference for 27-February-2017 6:00 PM ET",FCSTEV1-Feb-17,GOOGL-US,Generali Group and Nest partner to make clients' homes safer and their lives more protected,NEWS_CR26-Jan-17,GOOGL-US,Alphabet Announces Fourth Quarter 2016 Results,NEWS_CR26-Jan-17,GOOGL-US,Alphabet Fourth Quarter 2016 Financial Tables,NEWS_CR19-Jan-17,GOOGL-US,"Alphabet, Inc.(GOOGL-US) Schedules RSA Conference for 15-February-2017 4:20 PM ET",FCSTEV12-Jan-17,GOOGL-US,"DJ pressetext.de: Internet über Drohnen: Google stellt Vorhaben ein - Zu große technische Herausforderungen - Fokus auf Projekt ""Loon""",DJPA10-Jan-17,GOOGL-US,"Alphabet, Inc.(GOOGL-US) Schedules Goldman Sachs Technology and Internet Conference for 14-February-2017 2:45 PM ET",FCSTEV9-Jan-17,GOOGL-US,Alphabet to Present at the Goldman Sachs Technology and Internet Conference 2017,NEWS_CR27-Dec-16,GOOGL-US,"Alphabet, Inc.(GOOGL-US) Schedules Q4 2016 Earnings Call for 26-January-2017 4:30 PM ET",FCSTEV27-Dec-16,GOOGL-US,"Alphabet, Inc.(GOOGL-US) Schedules Q4 2016 Earnings Release for 26-January-2017 After Market Hours ET",FCSTEV21-Dec-16,GOOGL-US,Honda and Alphabet Inc.'s Waymo Enter Discussions on Technical Collaboration of Fully Self-driving Automobile Technology,NEWS_CR18-Nov-16,GOOGL-US,"Alphabet, Inc.(GOOGL-US) Schedules Credit Suisse Technology, Media, and Telecom Conference for 29-November-2016 4:30 PM ET",FCSTEV7-Nov-16,GOOGL-US,Post Earnings Coverage as Alphabet Earnings up 26.5% and Advertising Revenues Jump 18%,NEWS_ACW4-Nov-16,GOOGL-US,BetterInvesting Magazine Releases January Stock To Study And Undervalued Stock Choices For Investors' Informational And Educational Use,PRN27-Oct-16,GOOGL-US,Alphabet Third Quarter 2016 Financial Tables,NEWS_CR27-Oct-16,GOOGL-US,Alphabet Announces Third Quarter 2016 Results,NEWS_CR17-Oct-16,GOOGL-US,"Internet Information Providers Stocks Under Scanner -- YY Inc., 58.com, Weibo, and Alphabet",PRN19-Sep-16,GOOGL-US,"Alphabet, Inc.(GOOGL-US) Schedules Q3 2016 Earnings Call for 27-October-2016 4:30 PM ET",FCSTEV19-Sep-16,GOOGL-US,"Alphabet, Inc.(GOOGL-US) Schedules Q3 2016 Earnings Release for 27-October-2016 After Market Hours ET",FCSTEV15-Sep-16,GOOGL-US,Alphabet Announces Date of Third Quarter 2016 Financial Results Conference Call,NEWS_CR15-Sep-16,GOOGL-US,Canadian Online Publishing Awards (COPAs) announces the 2016 Finalists and State of Digital Seminar,CNW9-Sep-16,GOOGL-US,Blog Coverage Alphabet Acquires Apigee for $625 Million,NEWS_ACW28-Jul-16,GOOGL-US,Alphabet Announces Second Quarter 2016 Results,NEWS_CR19-Jul-16,GOOGL-US,"Google, Inc.(GOOAV-US) Schedules Money20/20 Conference - Panel for 25-October-2016",FCSTEV19-Jul-16,GOOGL-US,"Google, Inc.(GOOAV-US) Schedules Money20/20 Conference for 24-October-2016",FCSTEV30-Jun-16,GOOGL-US,"Market Updates on Internet Information Providers Equities -- Facebook, Alphabet, 58.com, and MeetMe",PRN23-Jun-16,GOOGL-US,"Alphabet, Inc.(GOOGL-US) Schedules Q2 2016 Earnings Release for 28-July-2016 After Market Hours ET",FCSTEV23-Jun-16,GOOGL-US,"Alphabet, Inc.(GOOGL-US) Schedules Q2 2016 Earnings Call for 28-July-2016 4:30 PM ET",FCSTEV19-May-16,GOOGL-US,___IMAX______________,PRNA5-May-16,GOOGL-US,Google And Honeywell Resolve Patent Dispute,PRN2-May-16,GOOGL-US,"Alphabet, Inc.(GOOGL-US) Schedules Annual General Meeting for 8-June-2016 12:00 PM ET",FCSTEV26-Apr-16,GOOGL-US,Alphabet Inc. Announces 84% Final Participation in Exchange Offers and Consent Solicitations,PRN21-Apr-16,GOOGL-US,Alphabet First Quarter 2016 Financial Tables.,NEWS_CR21-Apr-16,GOOGL-US,Alphabet Announces First Quarter 2016 Results,NEWS_CR12-Apr-16,GOOGL-US,Alphabet Inc. Announces 79% Participation in Exchange Offers and Consent Solicitations and Extends Early Consent Benefits to Remaining Bondholders,PRN29-Mar-16,GOOGL-US,Alphabet Inc. Commences Exchange Offers for Google Notes,PRN24-Mar-16,GOOGL-US,"Alphabet, Inc.(GOOGL-US) Schedules Q1 2016 Earnings Release for 21-April-2016 After Market Hours ET",FCSTEV24-Mar-16,GOOGL-US,"Alphabet, Inc.(GOOGL-US) Schedules Q1 2016 Earnings Call for 21-April-2016 4:30 PM ET",FCSTEV25-Feb-16,GOOGL-US,"Who Does Not Love Internet Information Providers Stocks - GOOG, GRUB, BITA, and YY",NEWS_ACW12-Feb-16,GOOGL-US,"Alphabet, Inc.(GOOGL-US) Schedules Morgan Stanley Technology, Media and Telecom Conference for 29-February-2016 6:00 PM ET",FCSTEV1-Feb-16,GOOGL-US,Alphabet Fourth Quarter 2015 Financial Tables,NEWS_CR1-Feb-16,GOOGL-US,Alphabet Announces Fourth Quarter 2015 Results,NEWS_CR10-Jan-16,GOOGL-US,"Alphabet, Inc.(GOOGL-US) Schedules Q4 2015 Earnings Release for 1-February-2016 After Market Hours ET",FCSTEV9-Jan-16,GOOGL-US,"Alphabet, Inc.(GOOGL-US) Schedules Q4 2015 Earnings Call for 1-February-2016 4:30 PM ET",FCSTEV25-Nov-15,GOOGL-US,"Google, Inc.(GOOAV-US) Schedules Wells Fargo Connected Commerce Investor Summit for 2-December-2015 1:00 PM ET",FCSTTS23-Nov-15,GOOGL-US,Google Nexus 5X Smartphones Now in Stock at B&H Photo Video,INW8-Oct-15,GOOGL-US,"Alphabet, Inc.(GOOGL-US) Schedules Q3 2015 Earnings Call for 22-October-2015 4:30 PM ET",FCSTEV8-Oct-15,GOOGL-US,"Alphabet, Inc.(GOOGL-US) Schedules Q3 2015 Earnings Release for 22-October-2015 After Market Hours ET",FCSTEV6-Oct-15,GOOGL-US,"Alphabet, Inc.(GOOGL-US) Schedules Money20/20 Conference - Panel-Social Commerce: The Rise of the Buy Button for 26-October-2015 2:10 PM ET",FCSTEV6-Oct-15,GOOGL-US,"Alphabet, Inc.(GOOGL-US) Schedules Money20/20 Conference - Keynote: Sridhar Ramaswamy for 26-October-2015 5:50 PM ET",FCSTTS14-Jul-15,GOOGL-US,IC Media Direct - Presents Latest Google Brand Repair Solution at LeadsCon Las Vegas,INW6-Jul-15,GOOGL-US,"Google, Inc.(GOOAV-US) Schedules Q2 2015 Earnings Release for 16-July-2015 After Market Hours ET",FCSTEV6-Jul-15,GOOGL-US,"Google, Inc.(GOOAV-US) Schedules Q2 2015 Earnings Call for 16-July-2015 4:30 PM ET",FCSTEV2-Jun-15,GOOGL-US,"Alphabet, Inc.(GOOGL-US) Schedules Annual General Meeting for 3-June-2015",FCSTEV23-Apr-15,GOOGL-US,"Google, Inc.(GOOAV-US) Schedules Annual General Meeting for 3-June-2015 12:00 PM ET",FCSTTS4-Apr-15,GOOGL-US,"Google, Inc.(GOOAV-US) Schedules Q1 2015 Earnings Release for 23-April-2015 After Market Hours ET",FCSTEV4-Apr-15,GOOGL-US,"Google, Inc.(GOOAV-US) Schedules Q1 2015 Earnings Call for 23-April-2015 4:30 PM ET",FCSTEV19-Feb-15,GOOGL-US,"Google, Inc.(GOOAV-US) Schedules Morgan Stanley Technology Media & Telecom Conference for 3-March-2015 6:25 PM ET",FCSTTS12-Jan-15,GOOGL-US,Bet Smarter on the Internet of Things,NEWS_ACW5-Jan-15,GOOGL-US,"Google, Inc.(GOOAV-US) Schedules Q4 2014 Earnings Call for 29-January-2015 4:30 PM ET",FCSTEV5-Jan-15,GOOGL-US,"Google, Inc.(GOOAV-US) Schedules Q4 2014 Earnings Release for 29-January-2015 After Market Hours ET",FCSTEV20-Nov-14,GOOGL-US,"Google, Inc.(GOOAV-US) Schedules Credit Suisse Technology Conference for 2-December-2014 11:15 AM ET",FCSTEV1-Oct-14,GOOGL-US,"Google, Inc.(GOOAV-US) Schedules Q3 2014 Earnings Release for 16-October-2014 After Market Hours ET",FCSTEV1-Oct-14,GOOGL-US,"Google, Inc.(GOOAV-US) Schedules Q3 2014 Earnings Call for 16-October-2014 4:30 PM ET",FCSTEV15-Sep-14,GOOGL-US,"NSA Shakes Down Yahoo for $250,000 a Day",NEWS_ACW30-Jun-14,GOOGL-US,"Google, Inc.(GOOAV-US) Schedules Q2 2014 Earnings Release for 17-July-2014 After Market Hours ET",FCSTEV30-Jun-14,GOOGL-US,"Google, Inc.(GOOAV-US) Schedules Q2 2014 Earnings Call for 17-July-2014 4:30 PM ET",FCSTEV24-Jun-14,GOOGL-US,"Interesting Breakfast News: Google Inc, GT Advanced Technologies Inc, SolarCity Corp, Coach",NEWS_ACW21-May-14,GOOGL-US,Google Surpasses Apple as Most Valuable Company; General Motors Recalls another 2.42 Million Vehicles,NEWS_ACW13-May-14,GOOGL-US,"Alphabet, Inc.(GOOGL-US) Schedules Annual General Meeting for 14-May-2014",FCSTEV29-Mar-14,GOOGL-US,"Google, Inc.(GOOAV-US) Schedules Annual General Meeting for 14-May-2014 5:00 PM ET",FCSTEV28-Mar-14,GOOGL-US,"Google, Inc.(GOOAV-US) Schedules Q1 2014 Earnings Call for 16-April-2014 4:30 PM ET",FCSTEV28-Mar-14,GOOGL-US,"Google, Inc.(GOOAV-US) Schedules Q1 2014 Earnings Release for 16-April-2014 After Market Hours ET",FCSTEV10-Mar-14,GOOGL-US,Google to Offer Developers Tools to Make Apps for New Wearable Computers ,NEWS_ACW26-Feb-14,GOOGL-US,"Google, Inc.(GOOAV-US) Schedules Morgan Stanley Technology, Media & Telecom Conference for 5-March-2014 3:00 PM ET",FCSTEV6-Feb-14,GOOGL-US,"Google Avoids $5-Billion Fine and Anti-Trust Probe Amid Quarterly Reports: Google Inc. (NASD: GOOG), Echelon Corp. (NASDAQ: ELON), Sirius XM Holdings Inc. (NASDAQ: SIRI)",NEWS_ACW4-Feb-14,GOOGL-US,"Google, Inc.(GOOAV-US) Schedules Goldman Sachs Tech and Internet Conference for 12-February-2014 11:15 AM ET",FCSTEV4-Jan-14,GOOGL-US,"Google, Inc.(GOOAV-US) Schedules Q4 2013 Earnings Call for 30-January-2014 4:30 PM ET",FCSTEV3-Jan-14,GOOGL-US,"Google, Inc.(GOOAV-US) Schedules Q4 2013 Earnings Release for 30-January-2014 After Market Hours ET",FCSTEV30-Sep-13,GOOGL-US,"Google, Inc.(GOOAV-US) Schedules Q3 2013 Earnings Call for 17-October-2013 4:30 PM ET",FCSTEV30-Sep-13,GOOGL-US,"Google, Inc.(GOOAV-US) Schedules Q3 2013 Earnings Release for 17-October-2013 After Market Hours ET",FCSTEV27-Jun-13,GOOGL-US,"Google, Inc.(GOOAV-US) Schedules Q2 2013 Earnings Release for 18-July-2013 After Market Hours ET",FCSTEV27-Jun-13,GOOGL-US,"Google, Inc.(GOOAV-US) Schedules Q2 2013 Earnings Call for 18-July-2013 4:30 PM ET",FCSTEV13-May-13,GOOGL-US,ABC NEWS and GOOGLE Speakers Share their Knowledge at the Donate & Learn Workshop to support YWCA Toronto - May 28th at 6:00pm,NEWS_ACW24-Apr-13,GOOGL-US,"Google, Inc.(GOOAV-US) Schedules Annual General Meeting for 6-June-2013 5:00 PM ET",FCSTEV15-Apr-13,GOOGL-US,"Top Trending News: Saks Inc, Google Inc, Yahoo! Inc",NEWS_ACW2-Apr-13,GOOGL-US,"Traders' Favorite: Intel Corporation, Google Inc, Century Aluminum Co",NEWS_ACW29-Mar-13,GOOGL-US,"Google, Inc.(GOOAV-US) Schedules Q1 2013 Earnings Release for 18-April-2013 After Market Hours ET",FCSTEV29-Mar-13,GOOGL-US,"Google, Inc.(GOOAV-US) Schedules Q1 2013 Earnings Call for 18-April-2013 4:30 PM ET",FCSTEV18-Mar-13,GOOGL-US,"Tech Recap: Microsoft Corporation, Google Inc, Facebook Inc",NEWS_ACW11-Mar-13,GOOGL-US,"Tech Recap: Google Inc, EMC Corporation, Akamai Technologies",NEWS_ACW5-Mar-13,GOOGL-US,"Stocks Buzz: Bank of America Corp, Google Inc, Dell Inc",NEWS_ACW28-Feb-13,GOOGL-US,"A Race To $1000 Mark: Apple Inc, Google Inc, Priceline.com Inc, Mastercard Inc",NEWS_ACW25-Feb-13,GOOGL-US,"Google, Inc.(GOOAV-US) Schedules Deutsche Bank Securities Access Media, Internet & Telecom Conference for 5-March-2013 1:10 PM ET",FCSTEV19-Feb-13,GOOGL-US,"Google, Inc.(GOOAV-US) Schedules Morgan Stanley Technology, Media & Telecom Conference for 28-February-2013 12:30 PM ET",FCSTEV13-Feb-13,GOOGL-US,"Potential Gainers In Today's Trading Session: (NASDAQ: GOOG), (NYSE: GE)",NEWS_ACW2-Jan-13,GOOGL-US,"Google, Inc.(GOOAV-US) Schedules Q4 2012 Earnings Call for 22-January-2013 4:30 PM ET",FCSTEV2-Jan-13,GOOGL-US,"Google, Inc.(GOOAV-US) Schedules Q4 2012 Earnings Release for 22-January-2013 After Market Hours ET",FCSTEV20-Nov-12,GOOGL-US,"Insider Trading Alert: Google Inc, Zynga Inc, Qualcomm Inc",NEWS_ACW4-Oct-12,GOOGL-US,"Google, Inc.(GOOAV-US) Schedules Q3 2012 Earnings Call for 18-October-2012 4:30 PM ET",FCSTEV4-Oct-12,GOOGL-US,"Google, Inc.(GOOAV-US) Schedules Q3 2012 Earnings Release for 18-October-2012 During Market Hours ET",FCSTEV2-Oct-12,GOOGL-US,"Stocks In News: Amazon.com, Google Inc, Nokia Corporation",NEWS_ACW27-Sep-12,GOOGL-US,"Morning New Recap: Google Inc, General Motors Company, Hewlett-Packard Company, Dean Foods",NEWS_ACW25-Sep-12,GOOGL-US,"News Recap: Google Inc, Electronic Arts, Las Vegas Sands Corp, Cirrus Logic, QUALCOMM",NEWS_ACW25-Sep-12,GOOGL-US,"Top Movers: Google Inc, Apple Inc, Barnes & Noble, Peregrine Pharmaceuticals, Rosetta Genomics Ltd",NEWS_ACW24-Sep-12,GOOGL-US,"Google Inc At New Highs As Facebook, Zynga and Groupon Slump ",NEWS_ACW30-Aug-12,GOOGL-US,Facebook Launches New Messaging System to Go Head-to-Head with Google,NEWS_ACW21-Aug-12,GOOGL-US,"Google, Inc.(GOOAV-US) Schedules Citi Technology Conference for 6-September-2012 1:15 PM ET",FCSTEV9-Jul-12,GOOGL-US,"Google, Inc.(GOOAV-US) Schedules Q2 2012 Earnings Call for 19-July-2012 4:30 PM ET",FCSTEV9-Jul-12,GOOGL-US,"Google, Inc.(GOOAV-US) Schedules Q2 2012 Earnings Release for 19-July-2012 After Market Hours ET",FCSTEV14-Jun-12,GOOGL-US,"Google, Inc.(GOOAV-US) Schedules Guggenheim TMT Symposium for 20-June-2012 12:45 PM ET",FCSTEV30-Apr-12,GOOGL-US,"Google, Inc.(GOOAV-US) Schedules Bank of America/Merrill Lynch Global Technology Conference for 8-May-2012 7:15 PM ET",FCSTEV13-Apr-12,GOOGL-US,"Google, Inc.(GOOAV-US) Schedules Annual General Meeting for 21-June-2012 5:00 PM ET",FCSTEV2-Apr-12,GOOGL-US,"Google, Inc.(GOOAV-US) Schedules Q1 2012 Earnings Call for 12-April-2012 4:30 PM ET",FCSTEV2-Apr-12,GOOGL-US,"Google, Inc.(GOOAV-US) Schedules Q1 2012 Earnings Release for 12-April-2012 After Market Hours ET",FCSTEV13-Mar-12,GOOGL-US,AllPennyStocks.com News: Micro Cap Trying to Leap off Their Stock Chart Bottom with New Partnership,NEWS_ACW21-Feb-12,GOOGL-US,"Google, Inc.(GOOAV-US) Schedules Morgan Stanley Technology, Media & Telecom Conference for 28-February-2012 1:00 PM ET",FCSTEV6-Feb-12,GOOGL-US,"Google, Inc.(GOOAV-US) Schedules Goldman Sachs Technology & Internet Conference for 16-February-2012 3:30 PM ET",FCSTEV9-Jan-12,GOOGL-US,"Google, Inc.(GOOAV-US) Schedules Q4 2011 Earnings Call for 19-January-2012 4:30 PM ET",FCSTEV9-Jan-12,GOOGL-US,"Google, Inc.(GOOAV-US) Schedules Q4 2011 Earnings Release for 19-January-2012 After Market Hours ET",FCSTEV1-Nov-11,GOOGL-US,"Google, Inc.(GOOAV-US) Schedules Citigroup Financial Technology Conference for 8-November-2011 1:05 PM ET",FCSTEV3-Oct-11,GOOGL-US,"Google, Inc.(GOOAV-US) Schedules Q3 2011 Earnings Call for 13-October-2011 4:30 PM ET",FCSTEV3-Oct-11,GOOGL-US,"Google, Inc.(GOOAV-US) Schedules Q3 2011 Earnings Release for 13-October-2011 After Market Hours ET",FCSTEV29-Aug-11,GOOGL-US,"Google, Inc.(GOOAV-US) Schedules Citi Global Technology Conference for 8-September-2011 2:55 PM ET",FCSTEV15-Aug-11,GOOGL-US,"Google, Inc.(GOOAV-US) Schedules Acquisition of Motorola Mobility Holdings, Inc. by Google, Inc. Call for 15-August-2011 8:30 AM ET",FCSTEV28-Jul-11,GOOGL-US,"Google, Inc.(GOOAV-US) Schedules Pacific Crest Global Technology Leadership Forum - Panel Session for 8-August-2011 9:45 AM ET",FCSTEV6-Jul-11,GOOGL-US,"Google, Inc.(GOOAV-US) Schedules Q2 2011 Earnings Call for 14-July-2011 4:30 PM ET",FCSTEV6-Jul-11,GOOGL-US,"Google, Inc.(GOOAV-US) Schedules Q2 2011 Earnings Release for 14-July-2011 After Market Hours ET",FCSTEV21-Apr-11,GOOGL-US,"Google, Inc.(GOOAV-US) Schedules Annual General Meeting for 2-June-2011 5:00 PM ET",FCSTEV4-Apr-11,GOOGL-US,"Google, Inc.(GOOAV-US) Schedules Q1 2011 Earnings Release for 14-April-2011 After Market Hours ET",FCSTEV4-Apr-11,GOOGL-US,"Google, Inc.(GOOAV-US) Schedules Q1 2011 Earnings Call for 14-April-2011 4:30 PM ET",FCSTEV22-Feb-11,GOOGL-US,"Google LLC(GOOAV-US) Schedules Morgan Stanley Technology, Media & Telecom Conference for 28-February-2011 12:30 PM ET",FCSTEV2-Feb-11,GOOGL-US,Google LLC(GOOAV-US) Schedules Goldman Sachs Technology & Internet Conference for 15-February-2011 8:20 PM ET,FCSTEV10-Jan-11,GOOGL-US,Google LLC(GOOAV-US) Schedules Q4 2010 Earnings Call for 20-January-2011 4:30 PM ET,FCSTEV10-Jan-11,GOOGL-US,"Google, Inc.(GOOAV-US) Schedules Q4 2010 Earnings Release for 20-January-2011 After Market Hours ET",FCSTEV30-Nov-10,GOOGL-US,"Google, Inc.(GOOAV-US) Schedules Barclays Capital Global Technology Conference for 9-December-2010 12:00 PM ET",FCSTTS4-Oct-10,GOOGL-US,"Google, Inc.(GOOAV-US) Schedules Q3 2010 Earnings Release for 14-October-2010 After Market Hours ET",FCSTTS4-Oct-10,GOOGL-US,"Google, Inc.(GOOAV-US) Schedules Q3 2010 Earnings Call for 14-October-2010 4:30 PM ET",FCSTTS30-Aug-10,GOOGL-US,"Google, Inc.(GOOAV-US) Schedules Citi Global Technology Conference - Q&A Session for 8-September-2010 10:20 AM ET",FCSTTS26-Jul-10,GOOGL-US,"Google, Inc.(GOOAV-US) Schedules Pacific Crest Technology Leadership Forum - Panel Discussion for 9-August-2010 10:00 AM ET",FCSTTS5-Jul-10,GOOGL-US,"Google, Inc.(GOOAV-US) Schedules Q2 2010 Earnings Release for 15-July-2010 After Market Hours ET",FCSTTS2-Jul-10,GOOGL-US,"Google, Inc.(GOOAV-US) Schedules Q2 2010 Earnings Call for 15-July-2010 4:30 PM ET",FCSTEV1-Jul-10,GOOGL-US,"Google, Inc.(GOOAV-US) Schedules Acquisition of ITA Software, Inc. by Google Inc. Call for 1-July-2010 4:30 PM ET",FCSTTS19-May-10,GOOGL-US,"Google, Inc.(GOOAV-US) Schedules Bank of America Merrill Lynch U.S. Technology Conference for 2-June-2010 2:30 PM ET",FCSTTS6-Apr-10,GOOGL-US,"Google, Inc.(GOOAV-US) Schedules Q1 2010 Earnings Release for 15-April-2010 After Market Hours ET",FCSTEV5-Apr-10,GOOGL-US,"Google, Inc.(GOOAV-US) Schedules Q1 2010 Earnings Call for 15-April-2010 4:30 PM ET",FCSTEV30-Mar-10,GOOGL-US,"Google, Inc.(GOOAV-US) Schedules Annual General Meeting for 13-May-2010 5:00 PM ET",FCSTTS22-Feb-10,GOOGL-US,"Google, Inc.(GOOAV-US) Schedules Morgan Stanley Technology, Media & Telecom (TMT) Conference - Panel Discussion for 1-March-2010 8:15 PM ET",FCSTTS22-Feb-10,GOOGL-US,"Google, Inc.(GOOAV-US) Schedules Morgan Stanley Technology, Media & Telecom (TMT) Conference for 1-March-2010 3:00 PM ET",FCSTTS16-Feb-10,GOOGL-US,"Google, Inc.(GOOAV-US) Schedules Goldman Sachs Technology & Internet Conference for 23-February-2010 8:20 PM ET",FCSTTS4-Jan-10,GOOGL-US,"Google, Inc.(GOOAV-US) Schedules Q4 2009 Earnings Release for 21-January-2010 After Market Hours ET",FCSTTS4-Jan-10,GOOGL-US,"Google, Inc.(GOOAV-US) Schedules Q4 2009 Earnings Call - Q&A Session for 21-January-2010 6:00 PM ET",FCSTTS31-Dec-09,GOOGL-US,"Google, Inc.(GOOAV-US) Schedules Q4 2009 Earnings Call for 21-January-2010 4:30 PM ET",FCSTEV1-Dec-09,GOOGL-US,"Google, Inc.(GOOAV-US) Schedules Barclays Capital Global Technology Conference for 9-December-2009 1:30 PM ET",FCSTEV19-Nov-09,GOOGL-US,"Google, Inc.(GOOAV-US) Schedules Google Chrome OS Update Conference Call for 19-November-2009 1:00 PM ET",FCSTEV3-Nov-09,GOOGL-US,"Google, Inc.(GOOAV-US) Schedules Piper Jaffray Global Internet Summit for 11-November-2009 3:45 PM ET",FCSTEV16-Oct-09,GOOGL-US,Google Shares Skyrocket after Q3 Results Beat View (GOOG),NEWS_ACW7-Oct-09,GOOGL-US,"Google, Inc.(GOOAV-US) Schedules Roadshow-Ottawa for 15-October-2009",FCSTEV7-Oct-09,GOOGL-US,"Google, Inc.(GOOAV-US) Schedules Roadshow-Montreal for 14-October-2009",FCSTEV6-Oct-09,GOOGL-US,"Google, Inc.(GOOAV-US) Schedules Business Update Call for 6-October-2009 10:00 AM ET",FCSTEV5-Oct-09,GOOGL-US,"Google, Inc.(GOOAV-US) Schedules Q3 2009 Earnings Call - QA Session for 15-October-2009 6:00 PM ET",FCSTEV5-Oct-09,GOOGL-US,"Google, Inc.(GOOAV-US) Schedules Q3 2009 Earnings Call for 15-October-2009 4:30 PM ET",FCSTEV1-Oct-09,GOOGL-US,"Google, Inc.(GOOAV-US) Schedules Q3 2009 Earnings Release for 15-October-2009 After Market Hours ET",FCSTEV26-Aug-09,GOOGL-US,"Google, Inc.(GOOAV-US) Schedules Investor & Analyst Meeting for 9-September-2009 1:00 PM ET",FCSTEV8-Jul-09,GOOGL-US,"Google, Inc.(GOOAV-US) Schedules Q2 2009 Earnings Release for 16-July-2009 After Market Hours ET",FCSTEV7-Jul-09,GOOGL-US,"Google, Inc.(GOOAV-US) Schedules Q2 2009 Earnings Call - Q&A Session for 16-July-2009 6:00 PM ET",FCSTEV7-Jul-09,GOOGL-US,"Google, Inc.(GOOAV-US) Schedules Q2 2009 Earnings Call for 16-July-2009 4:30 PM ET",FCSTEV15-Jun-09,GOOGL-US,"Google, Inc.(GOOAV-US) Schedules Euromoney (REFF) Renewable Energy Finance Forum - CLOSING PANEL DISCUSSION for 23-June-2009 4:15 PM ET",FCSTEV15-Jun-09,GOOGL-US,"Google, Inc.(GOOAV-US) Schedules Euromoney (REFF) Renewable Energy Finance Forum - GOVERNMENT INITIATIVES & POLICY DRIVERS - Panel Di for 23-June-2009 9:15 AM ET",FCSTEV2-Jun-09,GOOGL-US,"Google, Inc.(GOOAV-US) Schedules Credit Suisse Global Media and Communications Convergence Conference for 9-June-2009 12:45 PM ET",FCSTEV27-May-09,GOOGL-US,"Google, Inc.(GOOAV-US) Schedules Bank of America Merrill Lynch Global Technology Conference for 4-June-2009 11:15 AM ET",FCSTEV24-Mar-09,GOOGL-US,"Google, Inc.(GOOAV-US) Schedules Annual General Meeting for 7-May-2009 5:00 PM ET",FCSTEV23-Mar-09,GOOGL-US,"Google, Inc.(GOOAV-US) Schedules Infoworld Open Source Business Conference for 24-March-2009 2:40 PM ET",FCSTEV19-Mar-09,GOOGL-US,"Google, Inc.(GOOAV-US) Schedules Q1 2009 Earnings Call for 16-April-2009 4:30 PM ET",FCSTEV19-Mar-09,GOOGL-US,"Google, Inc.(GOOAV-US) Schedules Q1 2009 Earnings Release for 16-April-2009 After Market Hours ET",FCSTEV17-Mar-09,GOOGL-US,"Google, Inc.(GOOAV-US) Schedules Q1 2009 Earnings Call - Q&A Session for 16-April-2009 6:00 PM ET",FCSTEV4-Mar-09,GOOGL-US,Google CEO Describes Economic Situation as 'Pretty Dire' (GOOG),NEWS_ACW20-Feb-09,GOOGL-US,"Google, Inc.(GOOAV-US) Schedules Morgan Stanley Technology Conference for 3-March-2009 4:00 PM ET",FCSTEV19-Feb-09,GOOGL-US,"Google, Inc.(GOOAV-US) Schedules Morgan Stanley Technology Conference - Panel for 3-March-2009 3:00 PM ET",FCSTEV11-Feb-09,GOOGL-US,"Google, Inc.(GOOAV-US) Schedules Goldman Sachs Technology & Internet Conference for 25-February-2009 8:20 PM ET",FCSTEV5-Feb-09,GOOGL-US,"Technical Trade Alerts on Technology Stocks: GOOG, YHOO, AAPL, ORCL, IBM, DELL",NEWS_ACW12-Jan-09,GOOGL-US,"Google, Inc.(GOOAV-US) Schedules Q4 2008 Earnings Call - Q&A Session for 22-January-2009 6:00 PM ET",FCSTEV12-Jan-09,GOOGL-US,"Google, Inc.(GOOAV-US) Schedules Q4 2008 Earnings Release for 22-January-2009 After Market Hours ET",FCSTEV12-Jan-09,GOOGL-US,"Google, Inc.(GOOAV-US) Schedules Q4 2008 Earnings Call for 22-January-2009 4:30 PM ET",FCSTEV22-Dec-08,GOOGL-US,"Technical Trade Alerts on Market Movers: ARTC, GOOG, FSLR, TEVA, COST, BIIB",NEWS_ACW14-Nov-08,GOOGL-US,"Google, Inc.(GOOAV-US) Schedules Morgan Stanley TMT (Technology, Media & Telecommunication) Conference for 21-November-2008 3:45 AM ET",FCSTEV31-Oct-08,GOOGL-US,"Google, Inc.(GOOAV-US) Schedules Piper Jaffray Global Internet Summit for 12-November-2008 10:15 AM ET",FCSTEV7-Oct-08,GOOGL-US,"Google, Inc.(GOOAV-US) Schedules Q3 2008 Earnings Release for 16-October-2008",FCSTEV6-Oct-08,GOOGL-US,"Google, Inc.(GOOAV-US) Schedules Q3 2008 Earnings Call for 16-October-2008 4:30 PM ET",FCSTTS20-Aug-08,GOOGL-US,"Google, Inc.(GOOAV-US) Schedules Citigroup Technology Conference for 2-September-2008 4:05 PM ET",FCSTTS25-Jul-08,GOOGL-US,"Google, Inc.(GOOAV-US) Schedules Pacific Crest Securities Technology Leadership Forum for 5-August-2008 3:15 PM ET",FCSTTS8-Jul-08,GOOGL-US,"Google, Inc.(GOOAV-US) Schedules Q2 2008 Earnings Release for 17-July-2008",FCSTTS7-Jul-08,GOOGL-US,"Google, Inc.(GOOAV-US) Schedules Q2 2008 Earnings Call for 17-July-2008 4:30 PM ET",FCSTTS12-Jun-08,GOOGL-US,"Google, Inc.(GOOAV-US) Schedules Business Update Call for 12-June-2008 7:00 PM ET",FCSTTS14-May-08,GOOGL-US,"Google, Inc.(GOOAV-US) Schedules Goldman Sachs India Investment Conference for 22-May-2008 4:00 PM ET",FCSTTS13-May-08,GOOGL-US,"Google, Inc.(GOOAV-US) Schedules NASDAQ Investor Program for 20-May-2008 9:45 AM ET",FCSTTS8-Apr-08,GOOGL-US,"Google, Inc.(GOOAV-US) Schedules Q1 2008 Earnings Release for 17-April-2008 After Market Hours ET",FCSTTS7-Apr-08,GOOGL-US,"Google, Inc.(GOOAV-US) Schedules Q1 2008 Earnings Call for 17-April-2008 4:30 PM ET",FCSTTS25-Mar-08,GOOGL-US,"Google, Inc.(GOOAV-US) Schedules Annual General Meeting for 8-May-2008 5:00 PM ET",FCSTTS25-Mar-08,GOOGL-US,"Google, Inc.(GOOAV-US) Schedules Business Update Call for 25-March-2008 1:00 PM ET",FCSTTS27-Feb-08,GOOGL-US,"Google, Inc.(GOOAV-US) Schedules Bear Stearns Media Conference for 10-March-2008 2:00 PM ET",FCSTTS21-Feb-08,GOOGL-US,"Google, Inc.(GOOAV-US) Schedules Morgan Stanley Technology Conference for 3-March-2008 12:30 PM ET",FCSTTS17-Jan-08,GOOGL-US,"Google, Inc.(GOOAV-US) Schedules Business Update Call for 17-January-2008 12:00 PM ET",FCSTTS14-Jan-08,GOOGL-US,"Google, Inc.(GOOAV-US) Schedules Q4 2007 Earnings Release for 31-January-2008",FCSTTS11-Jan-08,GOOGL-US,"Google, Inc.(GOOAV-US) Schedules Q4 2007 Earnings Call for 31-January-2008 4:30 PM ET",FCSTTS27-Nov-07,GOOGL-US,"Google, Inc.(GOOAV-US) Schedules UBS Global Media & Communications Conference for 4-December-2007 9:00 AM ET",FCSTTS27-Nov-07,GOOGL-US,"Google, Inc.(GOOAV-US) Schedules Renewable Energy Initiative Launch Discussion Call for 27-November-2007 12:00 PM ET",FCSTTS15-Oct-07,GOOGL-US,"Google, Inc.(GOOAV-US) Schedules Analyst Day for 24-October-2007 1:00 PM ET",FCSTTS28-Sep-07,GOOGL-US,"Google, Inc.(GOOAV-US) Schedules Q3 2007 Earnings Call for 18-October-2007 4:30 PM ET",FCSTTS28-Sep-07,GOOGL-US,"Google, Inc.(GOOAV-US) Schedules Q3 2007 Earnings Release for 18-October-2007",FCSTTS27-Aug-07,GOOGL-US,"Google, Inc.(GOOAV-US) Schedules Citi Global Technology Conference for 6-September-2007 4:10 PM ET",FCSTTS9-Jul-07,GOOGL-US,"Google, Inc.(GOOAV-US) Schedules Acquisition of Postini by Google, Inc Call - Follow Up for 9-July-2007 12:00 PM ET",FCSTTS9-Jul-07,GOOGL-US,"Google, Inc.(GOOAV-US) Schedules Acquisition of Postini by Google Inc Call for 9-July-2007 9:30 AM ET",FCSTTS27-Jun-07,GOOGL-US,"Google, Inc.(GOOAV-US) Schedules Q2 2007 Earnings Call for 19-July-2007 4:30 PM ET",FCSTEV27-Jun-07,GOOGL-US,"Google, Inc.(GOOAV-US) Schedules Searchnomics Conference for 27-June-2007 11:30 AM ET",FCSTTS12-Jun-07,GOOGL-US,"Google, Inc.(GOOAV-US) Schedules Computing and Climate Change Conference for 12-June-2007 1:00 PM ET",FCSTTS7-Jun-07,GOOGL-US,"Google, Inc.(GOOAV-US) Schedules Q2 2007 Earnings Release for 19-July-2007",FCSTTS30-May-07,GOOGL-US,"Google, Inc.(GOOAV-US) Schedules Developer Day for 31-May-2007 1:00 PM ET",FCSTTS16-May-07,GOOGL-US,"Google, Inc.(GOOAV-US) Schedules Searchology Conference for 16-May-2007 12:30 PM ET",FCSTTS15-May-07,GOOGL-US,"Google, Inc.(GOOAV-US) Schedules JMP Securities Research Conference for 21-May-2007 2:30 PM ET",FCSTEV15-May-07,GOOGL-US,"Google, Inc.(GOOAV-US) Schedules Goldman Sachs Global Internet Conference for 24-May-2007 11:45 AM ET",FCSTTS13-Apr-07,GOOGL-US,"Google, Inc.(GOOAV-US) Schedules Acquisition of DoubleClick Inc. by Google Inc. Call for 13-April-2007 5:45 PM ET",FCSTEV11-Apr-07,GOOGL-US,"Google, Inc.(GOOAV-US) Schedules IDG World Expo Software-as-a-Service Conference for 18-April-2007 2:45 PM ET",FCSTTS4-Apr-07,GOOGL-US,"Google, Inc.(GOOAV-US) Schedules Q1 2007 Earnings Call for 19-April-2007 4:30 PM ET",FCSTEV22-Mar-07,GOOGL-US,"Google, Inc.(GOOAV-US) Schedules Annual Stockholders Meeting for 10-May-2007 5:00 PM ET",FCSTEV27-Feb-07,GOOGL-US,"Google, Inc.(GOOAV-US) Schedules Bear Stearns Media Conference for 6-March-2007 8:45 AM ET",FCSTEV27-Feb-07,GOOGL-US,"Google, Inc.(GOOAV-US) Schedules Morgan Stanley Technology Conference for 5-March-2007 3:15 PM ET",FCSTEV13-Feb-07,GOOGL-US,"Google, Inc.(GOOAV-US) Schedules Banc of America Technology Conference for 22-February-2007 1:40 PM ET",FCSTEV20-Jan-07,GOOGL-US,"Google, Inc.(GOOAV-US) Schedules Q1 2007 Earnings Release for 19-April-2007",FCSTTS16-Jan-07,GOOGL-US,"Google, Inc.(GOOAV-US) Schedules Q4 2006 Earnings Call for 31-January-2007 4:30 PM ET",FCSTEV28-Nov-06,GOOGL-US,"Google, Inc.(GOOAV-US) Schedules NASDAQ London Investor Conference for 6-December-2006 7:30 AM ET",FCSTTS9-Nov-06,GOOGL-US,"Google, Inc.(GOOAV-US) Schedules ThinkEquity Media/Tech Convergence Summit for 15-November-2006 9:55 AM ET",FCSTTS26-Oct-06,GOOGL-US,"Google, Inc.(GOOAV-US) Schedules Oppenheimer Digital Media Conference for 2-November-2006 10:20 AM ET",FCSTTS11-Oct-06,GOOGL-US,"Google, Inc.(GOOAV-US) Schedules Q3 2006 Earnings Call for 19-October-2006 4:30 PM ET",FCSTTS9-Oct-06,GOOGL-US,"Google, Inc.(GOOAV-US) Schedules Aquisition of YouTube, Inc. by Google Inc. Call for 9-October-2006 4:30 PM ET",FCSTTS13-Sep-06,GOOGL-US,"Google, Inc.(GOOAV-US) Schedules Intuit Inc. and Google Inc. Strategic Alliance Agreement Call for 13-September-2006 4:15 PM ET",FCSTTS9-Sep-06,GOOGL-US,"Google, Inc.(GOOAV-US) Schedules Q4 2006 Earnings Release for 31-January-2007",FCSTEV30-Aug-06,GOOGL-US,"Google, Inc.(GOOAV-US) Schedules Citigroup Global Technology Conference for 7-September-2006 3:35 PM ET",FCSTTS7-Aug-06,GOOGL-US,"Google, Inc.(GOOAV-US) Schedules Fox Interactive Media and Google Search Technology and Services Agreement Call for 7-August-2006 4:30 PM ET",FCSTTS27-Jul-06,GOOGL-US,"Google, Inc.(GOOAV-US) Schedules Real Estate Connect Conference for 27-July-2006 1:00 PM ET",FCSTTS26-Jul-06,GOOGL-US,"Google, Inc.(GOOAV-US) Schedules O'Reilly Open Source Convention for 26-July-2006 7:30 PM ET",FCSTEV26-Jul-06,GOOGL-US,"Google, Inc.(GOOAV-US) Schedules Real Estate Connect Conference for 26-July-2006 11:30 AM ET",FCSTTS15-Jul-06,GOOGL-US,"Google, Inc.(GOOAV-US) Schedules Q3 2006 Earnings Release for 19-October-2006 After Market Hours ET",FCSTEV10-Jul-06,GOOGL-US,"Google, Inc.(GOOAV-US) Schedules Q2 2006 Earnings Call for 20-July-2006 4:30 PM ET",FCSTEV14-Jun-06,GOOGL-US,"Google, Inc.(GOOAV-US) Schedules Burton Group Catalyst Conference for 14-June-2006 12:45 PM ET",FCSTEV6-Jun-06,GOOGL-US,"Google, Inc.(GOOAV-US) Schedules Piper Jaffray Global Internet Summit for 13-June-2006 1:15 PM ET",FCSTEV23-May-06,GOOGL-US,"Google, Inc.(GOOAV-US) Schedules Investor Conference Call for 31-May-2006 2:00 PM ET",FCSTEV15-May-06,GOOGL-US,"Google, Inc.(GOOAV-US) Schedules Goldman Sachs Basic Materials Conference for 25-May-2006 3:55 PM ET",FCSTEV13-May-06,GOOGL-US,"Google, Inc.(GOOAV-US) Schedules TiEcon Conference for 13-May-2006 3:10 PM ET",FCSTEV9-May-06,GOOGL-US,"Google, Inc.(GOOAV-US) Schedules CIBC Media, Internet & Telecommunications Conference for 9-May-2006 12:50 PM ET",FCSTEV9-May-06,GOOGL-US,"Google, Inc.(GOOAV-US) Schedules FT Mobile Communications Conference for 9-May-2006 5:50 AM ET",FCSTEV5-May-06,GOOGL-US,Google LLC(GOOAV-US) Schedules Interop Conference for 5-May-2006 11:30 AM ET,FCSTEV3-May-06,GOOGL-US,"Google, Inc.(GOOAV-US) Schedules Interop Conference for 3-May-2006 12:00 PM ET",FCSTEV1-May-06,GOOGL-US,"Google, Inc.(GOOAV-US) Schedules Annual Stockholders Meeting for 11-May-2006 5:00 PM ET",FCSTEV24-Apr-06,GOOGL-US,"Google, Inc.(GOOAV-US) Schedules National Association of Broadcasters Conference and Expo for 24-April-2006 5:30 PM ET",FCSTEV15-Apr-06,GOOGL-US,"Google, Inc.(GOOAV-US) Schedules Q2 2006 Earnings Release for 20-July-2006 After Market Hours ET",FCSTEV10-Apr-06,GOOGL-US,"Google, Inc.(GOOAV-US) Schedules Q1 2006 Earnings Call for 20-April-2006 4:30 PM ET",FCSTEV10-Apr-06,GOOGL-US,"Google, Inc.(GOOAV-US) Schedules National Cable & Telecommunications Association National Show for 10-April-2006 11:15 AM ET",FCSTEV22-Mar-06,GOOGL-US,"Google, Inc.(GOOAV-US) Schedules National Manufacturing Week Conference for 22-March-2006 4:00 PM ET",FCSTEV22-Mar-06,GOOGL-US,"Google, Inc.(GOOAV-US) Schedules Marketing Conference for 22-March-2006 3:00 PM ET",FCSTEV17-Mar-06,GOOGL-US,"Google, Inc.(GOOAV-US) Schedules Software Development Conference & Expo West for 17-March-2006 1:30 PM ET",FCSTEV16-Mar-06,GOOGL-US,"Google, Inc.(GOOAV-US) Schedules Software Development Conference & Expo West for 16-March-2006 1:30 PM ET",FCSTTS15-Mar-06,GOOGL-US,"Google, Inc.(GOOAV-US) Schedules Software Development Conference & Expo West for 15-March-2006 4:45 PM ET",FCSTEV14-Mar-06,GOOGL-US,"Google, Inc.(GOOAV-US) Schedules Spring VON Conference for 14-March-2006 12:30 PM ET",FCSTTS28-Feb-06,GOOGL-US,"Google, Inc.(GOOAV-US) Schedules RBC Capital Markets M-Evolution Conference for 2-March-2006 9:00 AM ET",FCSTTS28-Feb-06,GOOGL-US,"Google, Inc.(GOOAV-US) Schedules Merrill Lynch Internet, Advertising, Information & Education Conference for 28-February-2006 9:55 AM ET",FCSTEV24-Feb-06,GOOGL-US,"Google, Inc.(GOOAV-US) Schedules Analyst Day for 2-March-2006 1:00 PM ET",FCSTEV24-Feb-06,GOOGL-US,"Google, Inc.(GOOAV-US) Schedules Wharton Technology Conference for 24-February-2006 11:00 AM ET",FCSTTS17-Feb-06,GOOGL-US,"Google, Inc.(GOOAV-US) Schedules RSA Conference for 17-February-2006 12:00 PM ET",FCSTEV17-Jan-06,GOOGL-US,"Google, Inc.(GOOAV-US) Schedules Pacific Telecommunications Council Conference for 17-January-2006 3:30 PM ET",FCSTEV14-Jan-06,GOOGL-US,"Google, Inc.(GOOAV-US) Schedules Q1 2006 Earnings Release for 20-April-2006 After Market Hours ET",FCSTEV11-Jan-06,GOOGL-US,"Google, Inc.(GOOAV-US) Schedules Q4 2005 Earnings Call for 31-January-2006 4:30 PM ET",FCSTEV7-Jan-06,GOOGL-US,"Google, Inc.(GOOAV-US) Schedules International Consumer Electronics Show Conference for 7-January-2006 1:30 PM ET",FCSTEV6-Jan-06,GOOGL-US,"Google, Inc.(GOOAV-US) Schedules International Consumer Electronics Show Conference for 6-January-2006 7:00 PM ET",FCSTEV11-Oct-05,GOOGL-US,"Google, Inc.(GOOAV-US) Schedules Q4 2005 Earnings Release for 31-January-2006 After Market Hours ET",FCSTEV11-Aug-05,GOOGL-US,"Google, Inc.(GOOAV-US) Schedules Search Engine Strategies Conference & Expo for 11-August-2005 1:45 PM ET",FCSTEV9-Aug-05,GOOGL-US,"Google, Inc.(GOOAV-US) Schedules LinuxWorld San Francisco Conference & Expo for 9-August-2005 5:45 PM ET",FCSTTS8-Aug-05,GOOGL-US,"Google, Inc.(GOOAV-US) Schedules Search Engine Strategies Conference for 8-August-2005 12:00 PM ET",FCSTEV13-Jul-05,GOOGL-US,"Google, Inc.(GOOAV-US) Schedules Q2 2005 Earnings Call for 21-July-2005 4:30 PM ET",FCSTEV28-Jun-05,GOOGL-US,"Google, Inc.(GOOAV-US) Schedules Vertical Leap Technology Conference for 28-June-2005 2:00 PM ET",FCSTEV2-May-05,GOOGL-US,Google LLC(GOOAV-US) Schedules High Tech CRM Summit for 2-May-2005 12:30 PM ET,FCSTEV21-Apr-05,GOOGL-US,"Google, Inc.(GOOAV-US) Schedules Q1 2005 Earnings Call for 21-April-2005 4:30 PM ET",FCSTEV10-Feb-05,GOOGL-US,"Google, Inc.(GOOAV-US) Schedules Media Summit for 10-February-2005 12:30 PM ET",FCSTEV9-Feb-05,GOOGL-US,"Google, Inc.(GOOAV-US) Schedules Analyst Day for 9-February-2005 1:00 PM ET",FCSTTS1-Feb-05,GOOGL-US,"Google, Inc.(GOOAV-US) Schedules Q4 2004 Earnings Call for 1-February-2005 4:30 PM ET",FCSTEV21-Oct-04,GOOGL-US,Google LLC(GOOAV-US) Schedules Q3 2004 Earnings Call for 21-October-2004 4:30 PM ET,FCSTEV