TSLAdate,TSLAnews,TSLAsource11/16/20,Tesla Set to Join S&P 500,PRN11/04/20,"What Sells Electric Cars, IDTechEx Reports",PRN10/21/20,Tesla Motors Reports Third Quarter 2020 Financial Results,NEWS_CR10/21/20,Tesla Releases Third Quarter 2020 Financial Results,PMZ10/20/20,Tesla's Musk Promises a Next Generation HVAC and Filtration System - Freedonia Group Feedback,PRN10/08/20,"Tesla, Inc.(TSLA-US) Schedules Q3 2020 Earnings Call for 21-October-2020 5:30 PM ET",FCSTEV10/08/20,"Tesla, Inc.(TSLA-US) Schedules Q3 2020 Earnings Release for 21-October-2020 After Market Hours ET",FCSTEV10/08/20,Tesla Announces Date for Third Quarter 2020 Financial Results and Webcast,PMZ10/02/20,Tesla Q3 2020 Vehicle Production & Deliveries,PMZ10/01/20,"Tesla, Inc.(TSLA-US) Schedules Q3 2020 Sales and Revenue Release for 2-October-2020 7:59 AM ET",FCSTEV09/07/20,Le march_ des paiements en voiture connect_e devrait d_passer les 530 milliards EUR ˆ l'horizon 2030,BW08/21/20,Tesla Announces Updates to 2020 Annual Meeting of Stockholders and Battery Day Event,PMZ08/11/20,Tesla Announces a Five-for-One Stock Split,PMZ07/22/20,Tesla Motors Reports Second Quarter 2020 Financial Results,NEWS_CR07/22/20,Tesla Releases Second Quarter 2020 Financial Results,PMZ07/12/20,"Tesla, Inc.(TSLA-US) Schedules Investor Day - Battery for 22-September-2020 4:30 PM ET",FCSTEV07/10/20,Update on Tesla's 2020 Annual Meeting of Stockholders; Battery Day,PMZ07/08/20,"Tesla, Inc.(TSLA-US) Schedules Q2 2020 Earnings Release for 22-July-2020 After Market Hours ET",FCSTEV07/08/20,"Tesla, Inc.(TSLA-US) Schedules Q2 2020 Earnings Call for 22-July-2020 5:30 PM ET",FCSTEV07/08/20,Tesla Announces Date for Second Quarter 2020 Financial Results and Webcast,PMZ07/02/20,Tesla Q2 2020 Vehicle Production & Deliveries,PMZ07/01/20,"Tesla, Inc.(TSLA-US) Schedules Q2 2020 Sales and Revenue Release for 2-July-2020 7:59 AM ET",FCSTEV04/29/20,Tesla Motors Reports First Quarter 2020 Financial Results,NEWS_CR04/29/20,Tesla Releases First Quarter 2020 Financial Results,PMZ04/15/20,"Tesla, Inc.(TSLA-US) Schedules Q1 2020 Earnings Call for 29-April-2020 6:30 PM ET",FCSTEV04/15/20,"Tesla, Inc.(TSLA-US) Schedules Q1 2020 Earnings Release for 29-April-2020 After Market Hours ET",FCSTEV04/15/20,Tesla Announces Date for First Quarter 2020 Financial Results and Webcast,PMZ04/14/20,Zoox and Tesla Settle Lawsuit,PMZ04/02/20,Tesla Q1 2020 Vehicle Production & Deliveries,PMZ04/02/20,"Tesla, Inc.(TSLA-US) Schedules Q1 2020 Sales and Revenue Release for 2-April-2020 4:05 PM ET",FCSTEV03/19/20,Tesla Operational Update,PMZ02/13/20,Tesla Announces Offering of Common Stock,PMZ01/29/20,Tesla Motors Reports Fourth Quarter 2019 Financial Results,NEWS_CR01/29/20,Tesla Releases Fourth Quarter and Full Year 2019 Financial Results,PMZ01/19/20,"Tesla, Inc.(TSLA-US) Schedules MUFG Securities Tech Tour for 2-March-2020",FCSTEV01/17/20,"Tesla, Inc.(TSLA-US) Schedules Q4 2019 Earnings Release for 29-January-2020 After Market Hours ET",FCSTEV01/17/20,"Tesla, Inc.(TSLA-US) Schedules Q4 2019 Earnings Call for 29-January-2020 6:30 PM ET",FCSTEV01/17/20,Tesla Announces Date for Fourth Quarter and Full Year 2019 Financial Results and Webcast,PMZ01/03/20,"Tesla, Inc.(TSLA-US) Schedules Q4 2019 Sales and Revenue Release - Production Results for 3-January-2020 8:16 AM ET",FCSTEV01/03/20,Tesla Q4 2019 Vehicle Production & Deliveries,PMZ10/23/19,Tesla Motors Reports Third Quarter 2019 Financial Results,NEWS_CR10/23/19,Tesla Releases Third Quarter 2019 Financial Results,PMZ10/09/19,"Tesla, Inc.(TSLA-US) Schedules Q3 2019 Earnings Release for 23-October-2019 After Market Hours ET",FCSTEV10/09/19,"Tesla, Inc.(TSLA-US) Schedules Q3 2019 Earnings Call for 23-October-2019 6:30 PM ET",FCSTEV10/09/19,Tesla Announces Date for Third Quarter 2019 Financial Results and Webcast,PMZ10/02/19,Tesla Q3 2019 Vehicle Production & Deliveries,PMZ10/01/19,"Tesla, Inc.(TSLA-US) Schedules Q3 2019 Sales and Revenue Release for 2-October-2019",FCSTEV08/30/19,DJ pressetext.de: Neue Tesla-Versicherung sorgt fŸr Verwirrung - Eigenes Angebot als _u§erst billig beworben - Erste Kunden zeigen sich aber entt_uscht,DJPA08/06/19,"Tesla, Inc.(TSLA-US) Schedules Canaccord Genuity Future of Transport Conference for 6-August-2019 1:30 PM ET",FCSTEV07/24/19,Tesla Motors Reports Second Quarter 2019 Financial Results,NEWS_CR07/24/19,Tesla Releases Second Quarter 2019 Financial Results,PMZ07/17/19,UPDATE: Tesla Announces Date for Second Quarter 2019 Financial Results and Webcast,PMZ07/11/19,"Tesla, Inc.(TSLA-US) Schedules Q2 2019 Earnings Release for 24-July-2019 4:48 PM ET",FCSTEV07/11/19,"Tesla, Inc.(TSLA-US) Schedules Q2 2019 Earnings Call for 24-July-2019 6:30 PM ET",FCSTEV07/11/19,Tesla Announces Date for Second Quarter 2019 Financial Results and Webcast,PMZ07/10/19,Is Tesla's Warning of a Battery Minerals Shortage Nearing Valid or Not,PRN07/02/19,Tesla Q2 2019 Vehicle Production & Deliveries,PMZ07/01/19,"Tesla, Inc.(TSLA-US)SchedulesQ22019SalesandRevenueReleasefor43648",FCSTEV05/16/19,Tesla Completes Acquisition of Maxwell Technologies,PMZ05/13/19,Tesla Announces Offer Consideration for Previously Announced Offer to Exchange  Maxwell Technologies Common Stock for Tesla Common Stock,PMZ05/12/19,"Tesla, Inc.(TSLA-US) Schedules Smart Cities New York Conference for 13-May-2019",FCSTEV05/02/19,Tesla Announces Offerings of Common Stock and Convertible Senior Notes,PMZ05/02/19,"Tesla, Inc.(TSLA-US) Schedules Annual General Meeting for 11-June-2019 5:30 PM ET",FCSTEV04/24/19,Tesla Releases First Quarter 2019 Financial Results,PMZ04/24/19,Tesla Motors Reports First Quarter 2019 Financial Results,NEWS_CR04/11/19,"Tesla, Inc.(TSLA-US) Schedules Q1 2019 Earnings Call for 24-April-2019 5:30 PM ET",FCSTEV04/10/19,"Tesla, Inc.(TSLA-US) Schedules Q1 2019 Earnings Release for 24-April-2019 5:13 PM ET",FCSTEV04/10/19,Tesla Announces Date for First Quarter 2019 Financial Results and Webcast,PMZ04/08/19,"Tender Offer Extension for Acquisition of Maxwell Technologies, Inc.",PMZ04/04/19,UPDATE - Tesla To Host Autonomy Investor Day,PMZ04/03/19,Tesla Q1 2019 Vehicle Production & Deliveries,PMZ04/03/19,"Tesla, Inc.(TSLA-US) Schedules Investor Day for 22-April-2019 2:00 PM ET",FCSTEV04/03/19,Tesla To Host Autonomy Investor Day,PMZ04/02/19,"Tesla, Inc.(TSLA-US) Schedules Q1 2019 Sales and Revenue Release for 3-April-2019",FCSTEV03/15/19,"Tender Offer Extension for Acquisition of Maxwell Technologies, Inc.",PMZ02/28/19,"Tesla, Inc.(TSLA-US) Schedules Business Update Call for 28-February-2019 5:00 PM ET",FCSTEV01/30/19,Tesla Releases Fourth Quarter and Full Year 2018 Financial Results,PMZ01/30/19,Tesla Motors Reports Fourth Quarter 2018 Financial Results,NEWS_CR01/18/19,"Tesla, Inc.(TSLA-US) Schedules Q4 2018 Earnings Call for 30-January-2019 5:30 PM ET",FCSTEV01/18/19,"Tesla, Inc.(TSLA-US) Schedules Q4 2018 Earnings Release for 30-January-2019 4:14 PM ET",FCSTEV01/18/19,Tesla Announces Date for Fourth Quarter and Full Year 2018 Financial Results and Webcast,PMZ01/02/19,"Tesla Q4 2018 Vehicle Production & Deliveries, Also Announcing $2,000 Price Reduction in US",PMZ01/01/19,"Tesla, Inc.(TSLA-US) Schedules Q4 2018 Sales and Revenue Release for 2-January-2019",FCSTEV12/05/18,Shegerian & Associates: Four Discrimination Lawsuits Filed Against Tesla in Recent Months,PRN10/24/18,Tesla Releases Third Quarter 2018 Financial Results,PMZ10/24/18,Tesla Motors Reports Third Quarter 2018 Financial Results,NEWS_CR10/22/18,UPDATE - Tesla Announces Date for Third Quarter 2018 Financial Results and Webcast,PMZ10/22/18,"Tesla, Inc.(TSLA-US) Schedules Q3 2018 Earnings Release for 24-October-2018 After Market Hours ET",FCSTEV10/22/18,"Tesla, Inc.(TSLA-US) Schedules Q3 2018 Earnings Call - Q&A for 24-October-2018 6:30 PM ET",FCSTEV10/22/18,Tesla Announces Date for Third Quarter 2018 Financial Results and Webcast,PMZ10/08/18,"The Law Offices of Howard G. Smith Reminds Investors of Looming Deadline in the Class Action Lawsuit Against Tesla, Inc. (TSLA)",BW10/05/18,"SHAREHOLDER ALERT:  Pomerantz Law Firm Reminds Shareholders with Losses on their Investment in Tesla, Inc. of Class Action Lawsuit and Upcoming Deadline - TSLA",PMZ10/05/18,"Glancy Prongay & Murray LLP Reminds Investors of the Deadline in the Class Action Lawsuit Against Tesla, Inc.",BW10/04/18,"FINAL INVESTOR DEADLINE: Kaskela Law LLC Announces Class Action Lawsuit Filed Against Tesla, Inc. and Elon Musk and Encourages Investors with Losses in Excess of $1,000,000 to Contact the Firm - TSLA",NEWS_ACW10/04/18,"5-Day Deadline: The Schall Law Firm Announces the Filing of a Class Action Lawsuit Against Tesla, Inc. and Encourages Investors with Losses in Excess of $100,000 to Contact the Firm",BW10/02/18,"Law Offices of Howard G. Smith Announces the Filing of a Securities Class Action on Behalf of Tesla, Inc. Investors",BW10/02/18,Tesla Q3 2018 Vehicle Production and Deliveries,PMZ10/01/18,"Tesla, Inc.(TSLA-US) Schedules Q3 2018 Sales and Revenue Release - Production Results for 2-October-2018",FCSTEV09/28/18,"Hagens Berman Updates Investors Who Covered Short Sales of Tesla, Inc. (NASDAQ: TSLA) Concerning the Firm's Securities Fraud Lawsuit and the Recently Filed SEC Complaint",PMZ09/27/18,"SHAREHOLDER ALERT: The Schall Law Firm Announces the Filing of a Class Action Lawsuit Against Tesla, Inc. and Encourages Investors with Losses in Excess of $100,000 to Contact the Firm",BW09/27/18,"Safirstein Metcalf LLP Announces That A Class Action Has Been Filed Against Tesla, Inc. (NASDAQ: TSLA)",PMZ09/27/18,"SHAREHOLDER ALERT: Bronstein, Gewirtz & Grossman, LLC Announces Investigation of Tesla, Inc. (TSLA)",PRN09/21/18,"SHAREHOLDER ALERT:  Pomerantz Law Firm Reminds Shareholders with Losses on their Investment in Tesla, Inc. of Class Action Lawsuit and Upcoming Deadline - TSLA",PMZ09/18/18,Shareholder Update: Labaton Sucharow Files Class Action Against Tesla on Behalf of Citron's Andrew Left,BW09/14/18,"TESLA BRANDS SHAREHOLDER ALERT: ClaimsFiler Reminds Investors with Losses in Excess of $100,000 of Lead Plaintiff Deadline in Class Action Lawsuit against Tesla, Inc. - TSLA",BW09/14/18,"SHAREHOLDER ALERT:  Pomerantz Law Firm Reminds Shareholders with Losses on their Investment in Tesla, Inc. of Class Action Lawsuit and Upcoming Deadline - TSLA",PMZ09/13/18,"INVESTOR ALERT: WeissLaw LLP Investigates Tesla, Inc.",PRN09/13/18,"Scott+Scott Attorneys at Law LLP Reminds Investors of Class Action Lawsuits Against Tesla, Inc. (TSLA) - Investors With Losses Over $100,000 Encouraged to Contact the Firm",PRN09/11/18,"INVESTOR ALERT: Brower Piven Encourages Shareholders Who Have Losses In Excess Of $100,000 From Investment In Tesla, Inc. (Nasdaq: TSLA) To Contact Brower Piven Before The Lead Plaintiff Deadline In Class Action Lawsuit",PMZ09/07/18,"TESLA BRANDS SHAREHOLDER ALERT: CLAIMSFILER REMINDS INVESTORS WITH LOSSES IN EXCESS OF $100,000 of Lead Plaintiff Deadline in Class Action Lawsuit Against Tesla, Inc. - TSLA",PRN09/07/18,Labaton Sucharow  Announces the Filing of a Securities Class Action Lawsuit Against  Elon Musk and Tesla,PRN09/07/18,"Hagens Berman updates investors who covered short sales of Tesla, Inc. (NASDAQ: TSLA) concerning the October 9, 2018 lead plaintiff deadline and new investigation into the CAO's resignation",PMZ09/06/18,"Pomerantz Law Firm Announces the Filing of a Class Action against Tesla, Inc. and Certain Officers - TSLA",PRN09/05/18,"INVESTOR ALERT: Law Offices of Howard G. Smith Commences Investigation on Behalf of Tesla, Inc. Investors",BW09/04/18,"TESLA SHAREHOLDER ALERT BY FORMER LOUISIANA ATTORNEY GENERAL: KAHN SWICK & FOTI, LLC REMINDS INVESTORS WITH LOSSES IN EXCESS OF $100,000 of Lead PlaintiffDeadline in Class Action Lawsuit Against Tesla, Inc. - TSLA",PMZ09/04/18,"Kaskela Law LLC Announces Investor Class Action Against Tesla, Inc. and Encourages Investors with Losses in Excess of $500,000 to Contact the Firm - TSLA",NEWS_ACW08/31/18,"TESLA SHAREHOLDER ALERT by Former Louisiana Attorney General: Kahn Swick & Foti, LLC Reminds Investors with Losses in Excess of $100,000 of Lead Plaintiff Deadline in Class Action Lawsuit Against Tesla, Inc. - TSLA",BW08/31/18,"Hagens Berman Reminds Investors Who Covered Short Sales of Tesla, Inc. (NASDAQ:TSLA) of the Firm's Securities Class Action and the October 9, 2018 Lead Plaintiff Deadline",PMZ08/30/18,"Kaskela Law LLC Announces Expanded Class Period in Investor Class Action Lawsuits Filed Against Tesla, Inc. and Elon Musk, and Encourages Investors with Losses in Excess of $500,000 to Contact the Firm - TSLA",NEWS_ACW08/29/18,"Hagens Berman Updates Investors in Tesla, Inc. (NASDAQ: TSLA) Concerning the Firm's Securities Class Action, Reported SEC Subpoena, Expanded Class Period, and the October 9, 2018 Lead Plaintiff Deadline",PMZ08/28/18,"Kaskela Law LLC Announces Expanded Class Period in Investor Class Action Lawsuits Filed Against Tesla, Inc. and Elon Musk, and Encourages Investors with Losses in Excess of $500,000 to Contact the Firm - TSLA",BW08/27/18,"Berger Montague Investigating Class Action Claims Against Tesla, Inc. and Elon Musk",PRN08/24/18,"Statement from Independent Members of Tesla's Board of Directors (Brad Buss, Robyn Denholm, Ira Ehrenpreis, Antonio Gracias, Linda Johnson Rice, and James Murdoch):",PMZ08/24/18,"TESLA BRANDS SHAREHOLDER ALERT: CLAIMSFILER REMINDS INVESTORS WITH LOSSES IN EXCESS OF $100,000 of Lead Plaintiff Deadline in Class Action Lawsuit Against Tesla, Inc. - TSLA",PMZ08/23/18,"(TSLA) Alert: Johnson Fistel Reminds Tesla Investors of Class Action Lawsuit; Investors Acquiring Shares from August 7, 2018 and August 14, 2018 Encouraged to Contact Firm",PRN08/17/18,"TESLA SHAREHOLDER ALERT BY FORMER LOUISIANA ATTORNEY GENERAL: KAHN SWICK & FOTI, LLC REMINDS INVESTORS WITH LOSSES IN EXCESS OF $100,000 of Lead PlaintiffDeadline in Class Action Lawsuit Against Tesla, Inc. - TSLA",PRN08/17/18,"Tesla Investigation: Bernstein Liebhard LLP Announces Investigation Of Tesla, Inc. - TSLA",PRN08/17/18,"TSLA INVESTORS ALERT: Lieff Cabraser Announces Securities Class Action Against Tesla, Inc.",BW08/16/18,"Milberg Tadler Phillips Grossman LLP Announces Extended Class Period in Tesla, Inc. Class Action",PRN08/16/18,"RM LAW Announces Investigation of Tesla, Inc.",PRN08/15/18,"Hagens Berman Sobol Shapiro LLP Announces Extended Class Period in Musk ""Tweet"" Class Action - TSLA",PMZ08/15/18,"SHAREHOLDER ALERT: Kaskela Law LLC Announces Expanded Class Period in Investor Class Action Lawsuits Against Tesla, Inc. and Elon Musk, and Encourages Investors with Losses in Excess of $250,000 to Contact the Firm",PMZ08/15/18,"Tesla Class Action: Bernstein Liebhard LLP Announces that a New Securities Class Action Lawsuit Expanding the Relevant Class Period has been Filed Against Tesla, Inc. - TSLA",PMZ08/15/18,Scott+Scott Attorneys at Law LLP Files Class Action Lawsuit Against Tesla Inc. (TSLA) and Elon Musk on Behalf of Short Sellers and Put Options Investors,BW08/15/18,"Tesla Class Action: Bernstein Liebhard LLP Announces That A New Securities Class Action Lawsuit Expanding The Relevant Class Period Has Been Filed Against Tesla, Inc. - TSLA",PRN08/15/18,"ONGOING INVESTIGATION ALERT: The Schall Law Firm Announces it is Investigating Claims Against Tesla, Inc. and Encourages Investors with Losses in Excess of $100,000 to Contact the Firm",BW08/15/18,"SHAREHOLDER ALERT: Bronstein, Gewirtz & Grossman, LLC Notifies Investors of Class Action Against Tesla, Inc. (TSLA) and Lead Plaintiff Deadline: October 9, 2018",PMZ08/14/18,"TESLA SHAREHOLDER ALERT BY FORMER LOUISIANA ATTORNEY GENERAL: KAHN SWICK & FOTI, LLC REMINDS INVESTORS WITH LOSSES IN EXCESS OF $100,000 of Lead PlaintiffDeadline in Class Action Lawsuit Against Tesla, Inc. - TSLA",PMZ08/14/18,Tesla Announces Formation of Special Committee to Evaluate Potential Going Private Transaction,PMZ08/13/18,TSLA INVESTOR ALERT: Hagens Berman Sobol Shapiro LLP Files Tesla Securities Tweet Class Action: Notifies Investors of October 9th Lead Plaintiff Deadline,PRN08/13/18,"IMPORTANT INVESTOR NOTICE: The Schall Law Firm Announces the Filing of a Class Action Lawsuit Against Tesla, Inc. and Encourages Investors with Losses in Excess of $100,000 to Contact the Firm",BW08/10/18,"SHAREHOLDER ALERT: Kaskela Law LLC Announces Shareholder Class Action Lawsuit Filed Against Tesla, Inc. and Elon Musk, and Encourages Investors to Contact the Firm",PMZ08/10/18,"Hagens Berman Sobol Shapiro LLP Files Securities Class Action Against Tesla, Inc. (NASDAQ: TSLA) and Elon Musk For False Market Moving Tweet",PMZ08/10/18,"Keller Lenkner LLC Files Class Action Suit Against Elon Musk and Tesla, Inc.",PRN08/08/18,"Statement from the following members of Tesla's Board of Directors: Brad Buss, Robyn Denholm, Ira Ehrenpreis, Antonio Gracias, Linda Johnson Rice, and James Murdoch",PMZ08/01/18,Tesla Motors Reports Second Quarter 2018 Financial Results,NEWS_CR08/01/18,Tesla Releases Second Quarter 2018 Financial Results,PMZ07/18/18,"Tesla, Inc.(TSLA-US) Schedules Q2 2018 Earnings Call for 1-August-2018 5:30 PM ET",FCSTEV07/18/18,"Tesla, Inc.(TSLA-US) Schedules Q2 2018 Earnings Release for 1-August-2018 After Market Hours ET",FCSTEV07/18/18,Tesla Announces Date for Second Quarter 2018 Financial Results and Webcast,PMZ07/08/18,"Tesla, Inc.(TSLA-US) Schedules MUFG Tech Tour for 6-August-2018",FCSTEV07/02/18,Tesla Q2 2018 Vehicle Production and Deliveries,PMZ07/02/18,"Tesla, Inc.(TSLA-US) Schedules Q2 2018 Sales and Revenue Release - Production Results for 2-July-2018 9:00 AM ET",FCSTEV06/26/18,"Tesla, Inc.(TSLA-US) Schedules Gabelli & Company Automotive Aftermarket Symposium for 29-October-2018",FCSTEV06/08/18,Tesla Model S Car Insurance,PRN05/20/18,"Tesla, Inc.(TSLA-US) Schedules Annual General Meeting for 5-June-2018 5:30 PM ET",FCSTEV05/02/18,Tesla Releases First Quarter 2018 Financial Results,PMZ05/02/18,Tesla Motors Reports First Quarter 2018 Financial Results,NEWS_CR04/19/18,"Tesla, Inc.(TSLA-US) Schedules Q1 2018 Earnings Release for 2-May-2018 After Market Hours ET",FCSTEV04/19/18,"Tesla, Inc.(TSLA-US) Schedules Q1 2018 Earnings Call for 2-May-2018 5:30 PM ET",FCSTEV04/19/18,Tesla Announces Date for First Quarter 2018 Financial Results and Webcast,PMZ04/03/18,Tesla Q1 2018 Vehicle Production and Deliveries,PMZ04/02/18,"Tesla, Inc.(TSLA-US) Schedules Q1 2018 Sales and Revenue Release - Production Results for 3-April-2018",FCSTEV03/20/18,"Tesla, Inc.(TSLA-US) Schedules Special Meeting of Stockholders for 21-March-2018",FCSTEV02/26/18,"Tesla, Inc.(TSLA-US) Schedules Investor Meeting for 27-February-2018",FCSTEV02/07/18,Tesla Releases Fourth Quarter and Full Year 2017 Financial Results,PMZ02/07/18,Tesla Motors Reports Fourth Quarter 2017 Financial Results,NEWS_CR01/25/18,"Tesla, Inc.(TSLA-US) Schedules Q4 2017 Earnings Call for 7-February-2018 5:30 PM ET",FCSTEV01/25/18,"Tesla, Inc.(TSLA-US) Schedules Q4 2017 Earnings Release for 7-February-2018 After Market Hours ET",FCSTEV01/25/18,Tesla Announces Date for Fourth Quarter and Full Year 2017 Financial Results and Webcast,PMZ01/23/18,Tesla Announces New Long-Term Performance Award for Elon Musk,PMZ01/03/18,Tesla Q4 2017 Vehicle Production and Deliveries,PMZ01/02/18,"Tesla, Inc.(TSLA-US) Schedules Q4 2017 Sales and Revenue Release - Production Results for 3-January-2018",FCSTEV12/06/17,"EQUITY ALERT: Rosen Law Firm Announces Filing of Securities Class Action Lawsuit Against Tesla, Inc. - TSLA",PRN11/28/17,"SHAREHOLDER ALERT: Pomerantz Law Firm Reminds Shareholders with Losses on their Investment in Tesla, Inc. of Class Action Lawsuit and Upcoming Deadline - TSLA",PMZ11/27/17,"The Klein Law Firm Reminds Investors of a Class Action Filed on Behalf of Tesla, Inc. Shareholders and a Lead Plaintiff Deadline of December 11, 2017 (TSLA)",PMZ11/21/17,"TSLA INVESTOR ALERT: The Law Offices of Vincent Wong Reminds Investors of a Class Action Involving Tesla, Inc. and a Lead Plaintiff Deadline of December 11, 2017",PMZ11/20/17,"RM LAW Announces Class Action Lawsuit Against Tesla, Inc.",PRN11/17/17,"DEADLINE ALERT: Brower Piven Reminds Investors of Upcoming Deadline in Class Action Lawsuit and Encourages Shareholders Who Have Losses in Excess of $100,000 from Investment in Tesla, Inc. to Contact the Firm",BW11/11/17,"SHAREHOLDER ALERT: Pomerantz Law Firm Reminds Shareholders with Losses on their Investment in Tesla, Inc. of Class Action Lawsuit and Upcoming Deadline - TSLA",PRN11/08/17,"Tesla, Inc.(TSLA-US) Schedules Robert W. Baird Global Industrial Conference for 8-November-2017 3:30 PM ET",FCSTEV11/07/17,"INVESTOR ALERT: Brower Piven Encourages Shareholders Who Have Losses In Excess Of $100,000 From Investment In Tesla, Inc. (Nasdaq: TSLA) To Contact Brower Piven Before The Lead Plaintiff Deadline In Class Action Lawsuit",PMZ11/05/17,"The Klein Law Firm Reminds Investors of a Class Action Filed on Behalf of Tesla, Inc. Shareholders and a Lead Plaintiff Deadline of December 11, 2017",BW11/03/17,"Tesla Investor Alert: Hagens Berman Alerts Tesla, Inc. (TSLA) Investors to the Securities Class Action and the December 11, 2017 Lead Plaintiff Deadline",PMZ11/02/17,"TSLA INVESTOR ALERT: The Law Offices of Vincent Wong Reminds Investors of Commencement of a Class Action Involving Tesla, Inc. and a Lead Plaintiff Deadline of December 11, 2017",BW11/01/17,"The Klein Law Firm Announces a Class Action Filed on Behalf of Tesla, Inc. Shareholders and a Lead Plaintiff Deadline of December 11, 2017",BW11/01/17,Tesla Releases Third Quarter 2017 Financial Results,PMZ11/01/17,Tesla Motors Reports Third Quarter 2017 Financial Results,NEWS_CR11/01/17,"SHAREHOLDER ALERT: Brower Piven Encourages Investors Who Have Losses In Excess Of $100,000 From Investment In Tesla, Inc. To Contact Brower Piven Before The Lead Plaintiff Deadline In Class Action Lawsuit",BW10/30/17,"The Klein Law Firm Announces a Class Action Filed on Behalf of Tesla, Inc. Shareholders and a Lead Plaintiff Deadline of December 11, 2017",PMZ10/30/17,"TSLA SHAREHOLDER ALERT: The Law Offices of Vincent Wong Notifies Investors of Commencement of a Class Action Involving Tesla, Inc. and a Lead Plaintiff Deadline of December 11, 2017",BW10/28/17,"SHAREHOLDER ALERT:  Pomerantz Law Firm Reminds Shareholders with  Losses on their Investment in Tesla, Inc. of  Class Action Lawsuit and Upcoming Deadline - TSLA",PMZ10/27/17,"TSLA SHAREHOLDER ALERT: The Law Offices of Vincent Wong Notifies Investors of Commencement of a Class Action Involving Tesla, Inc. and a Lead Plaintiff Deadline of December 11, 2017",PMZ10/27/17,"SHAREHOLDER ALERT: Bronstein, Gewirtz & Grossman, LLC Reminds Investors of Class Action Against Tesla, Inc. (TSLA) and Lead Plaintiff Deadline - December 11, 2017",PRN10/25/17,"IMPORTANT SHAREHOLDER ALERT: Khang & Khang LLP Announces Securities Class Action Lawsuit against Tesla, Inc. and Encourages Investors with Losses Exceeding $100,000 to Contact the Firm",BW10/24/17,"The Klein Law Firm Reminds Investors of an Investigation Concerning Possible Violations of Federal Securities Laws by Tesla, Inc.",BW10/23/17,"IMPORTANT INVESTOR ALERT: Lundin Law PC Announces Securities Class Action Lawsuit Against Tesla, Inc. and Encourages Investors With Losses in Excess of $100,000 to Contact the Firm",BW10/23/17,"The Klein Law Firm Notifies Investors of an Investigation Concerning Possible Violations of Federal Securities Laws by Tesla, Inc.",BW10/23/17,"SHAREHOLDER ALERT: Goldberg Law PC Announces the Filing of a Securities Class Action Lawsuit against Tesla, Inc. and Encourages Investors with Losses Exceeding $100,000 to Contact the Firm",BW10/23/17,"SHAREHOLDER ALERT: Brower Piven Notifies Investors of Class Action Lawsuit And Encourages Those Who Have Losses In Excess Of $100,000 From Investment In Tesla, Inc. (Nasdaq: TSLA) To Contact Brower Piven Before The Lead Plaintiff Deadline",PMZ10/20/17,"IMPORTANT INVESTOR ALERT: Khang & Khang LLP Announces Securities Class Action Lawsuit against Tesla, Inc. and Encourages Investors with Losses Exceeding $100,000 to Contact the Firm",BW10/20/17,"IMPORTANT SHAREHOLDER ALERT: Lundin Law PC Announces Securities Class Action Lawsuit against Tesla, Inc. and Encourages Investors with Losses In Excess of $100,000 to Contact the Firm",BW10/20/17,"TSLA INVESTOR ALERT: The Law Offices of Vincent Wong Reminds Investors of an Investigation Involving Possible Securities Fraud Violations by the Board of Directors of Tesla, Inc.",BW10/19/17,"INVESTOR ALERT: Goldberg Law PC Announces the Filing of a Securities Class Action Lawsuit Against Tesla, Inc. and Encourages Investors With Losses Exceeding $100,000 to Contact the Firm",BW10/19/17,"TSLA SHAREHOLDER ALERT: The Law Offices of Vincent Wong Notifies Investors of an Investigation Involving Possible Securities Fraud Violations by the Board of Directors of Tesla, Inc.",BW10/19/17,"Tesla, Inc.(TSLA-US) Schedules Q3 2017 Earnings Release for 1-November-2017 After Market Hours ET",FCSTEV10/19/17,"Tesla, Inc.(TSLA-US) Schedules Q3 2017 Earnings Call for 1-November-2017 5:30 PM ET",FCSTEV10/19/17,Tesla Announces Date for Third Quarter 2017 Financial Results and Webcast,PMZ10/18/17,"TSLA LOSS NOTICE: Rosen Law Firm Reminds Tesla, Inc. Investors of Important Deadline in First Filed Class Action - TSLA",BW10/11/17,"IMPORTANT INVESTOR ALERT: Khang & Khang LLP Announces an Investigation of Tesla, Inc. and Encourages Investors with Losses Over $100,000 to Contact the Firm",BW10/11/17,"Federman & Sherwood Announces Filing of Securities Class Action Lawsuit Against Tesla, Inc.",PMZ10/11/17,"INVESTOR ALERT: Goldberg Law PC Announces an Investigation of Tesla, Inc. and Encourages Investors with Losses Exceeding $100,000 to Contact the Firm",BW10/10/17,"EQUITY ALERT: Rosen Law Firm Files Securities Class Action Lawsuit Against Tesla, Inc. - TSLA",BW10/10/17,"IMPORTANT SHAREHOLDER ALERT: Khang & Khang LLP Announces an Investigation of Tesla, Inc. and Encourages Investors with Losses Over $100,000 to Contact the Firm",BW10/10/17,"(TSLA) Alert:  Johnson Fistel Investigates Tesla, Inc. Following Report of Vehicle Deliveries and Production; Encourages Investors to Contact the Firm",PRN10/09/17,"SHAREHOLDER ALERT: Goldberg Law PC Announces an Investigation of Tesla, Inc.",BW10/09/17,"SHAREHOLDER ALERT: Bronstein, Gewirtz & Grossman, LLC Announces Investigation of Tesla, Inc. (TSLA)",PRN10/09/17,"SHAREHOLDER ALERT: Pomerantz Law Firm Investigates Claims On Behalf of Investors of Tesla, Inc.  - TSLA",PRN10/02/17,Tesla Q3 2017 Vehicle Deliveries and Production,PMZ10/01/17,"Tesla, Inc.(TSLA-US) Schedules Q3 2017 Sales and Revenue Release - Production Results for 2-October-2017",FCSTEV08/11/17,Tesla Agrees to Issue and Sell $1.80 Billion of Senior Notes,PMZ08/08/17,"Tesla, Inc.(TSLA-US) Schedules Deutsche Bank Technology Conference for 12-September-2017 12:00 PM ET",FCSTEV08/07/17,Tesla Announces Proposed $1.5 Billion Offering of Senior Notes,PMZ08/02/17,Tesla Releases Second Quarter 2017 Financial Results,PMZ08/02/17,Tesla Motors Reports Second Quarter 2017 Financial Results,NEWS_CR07/11/17,"Tesla, Inc.(TSLA-US) Schedules Q2 2017 Earnings Call for 2-August-2017 5:30 PM ET",FCSTEV07/11/17,"Tesla, Inc.(TSLA-US) Schedules Q2 2017 Earnings Release for 2-August-2017 After Market Hours ET",FCSTEV07/11/17,Tesla Announces Date for Second Quarter 2017 Financial Results and Webcast,PMZ07/07/17,UPDATE - Tesla Q2 2017 Vehicle Production and Deliveries,PMZ07/03/17,Tesla Q2 2017 Vehicle Production and Deliveries,PMZ07/02/17,"Tesla, Inc.(TSLA-US) Schedules Q2 2017 Sales and Revenue Release - Production Results for 7-July-2017",FCSTEV06/22/17,Corporate News Blog - NTSB Gives Clean Chit to Tesla in the Fatal May 2016 Car Crash Investigation,NEWS_ACW06/07/17,Today's Research Reports on Stocks to Watch: Tesla and AMD,NEWS_ACW06/06/17,"Tesla, Inc.(TSLA-US) Schedules Baird Global Consumer, Technology and Services Conference for 6-June-2017 2:35 PM ET",FCSTEV05/09/17,"Investor Network: Maxwell Technologies, Inc. to Host Earnings Call",NEWS_ACW05/05/17,Today's Research Reports on Stocks to Watch: Apple and Tesla,NEWS_ACW05/03/17,"IMPORTANT SHAREHOLDER ALERT: Khang & Khang LLP Announces an Investigation of Tesla, Inc. and Encourages Investors with Losses to Contact the Firm",BW05/03/17,Tesla Releases First Quarter 2017 Financial Results,INW05/03/17,"Tesla Motors, Inc. First Quarter 2017 Financial Results",NEWS_CR05/03/17,"EQUITY ALERT: Rosen Law Firm Announces Investigation of Securities Claims Against Tesla, Inc. - TSLA",BW05/03/17,"SHAREHOLDER ALERT: Bronstein, Gewirtz & Grossman, LLC Announces Investigation of Tesla, Inc. (TSLA)",PRN04/23/17,"Tesla, Inc.(TSLA-US) Schedules Annual General Meeting for 6-June-2017 5:30 PM ET",FCSTTS04/19/17,Hagens Berman: Tesla Owners Hit Automaker with Class-Action Lawsuit for Nonfunctional Autopilot and Missing Standard Safety Features,BW04/17/17,Today's Research Reports on Automotive Stocks to Watch: Tesla and Ford,NEWS_ACW04/13/17,"Tesla, Inc.(TSLA-US) Schedules Q1 2017 Earnings Call for 3-May-2017 5:30 PM ET",FCSTEV04/13/17,"Tesla Motors, Inc.(TSLA-US) Schedules Q1 2017 Earnings Release for 3-May-2017 After Market Hours ET",FCSTEV04/13/17,Tesla Announces Date for First Quarter 2017 Financial Results and Webcast,INW04/04/17,Tesla in the Spotlight as it Surpasses Ford in Market Value,NEWS_ACW04/02/17,Tesla Q1 2017 Vehicle Production and Deliveries,INW04/01/17,"Tesla, Inc.(TSLA-US) Schedules Q1 2017 Sales and Revenue Release for 2-April-2017",FCSTTS03/20/17,DGAP-News: Ex-Tesla Deutschland Chef wird Aufsichtsrat der salesheads AG erweitern,NEWS_DGAP03/15/17,Tesla Announces Offerings of Common Stock and Convertible Senior Notes,INW03/13/17,Post Earnings Coverage as Tesla's Quarterly Revenue Surged 88.4%; Net Loss Narrowed,NEWS_ACW03/02/17,Teslas Cousin ist Wegbereiter fŸr revolution_res _ffentliches Angebot,PRNE02/28/17,Dow Hits Record Close for 12th Consecutive Session: Today's Research Reports on Tesla and NVIDIA,NEWS_ACW02/22/17,Tesla Releases Fourth Quarter and Full Year 2016 Financial Results,INW02/22/17,Tesla Fourth Quarter 2016 Shareholder Letter,NEWS_CR02/15/17,DJ IRW-PRESS: Tesla Motors Inc.: Millionendepot: Tesla - Kursziel auf 350 von 330 Euro erh_ht,DJIR02/09/17,Today's Reports on Trending Tickers: Tesla and Western Digital,NEWS_ACW02/02/17,"Tesla, Inc.(TSLA-US) Schedules Q4 2016 Earnings Call for 22-February-2017 5:30 PM ET",FCSTEV02/02/17,"Tesla, Inc.(TSLA-US) Schedules Q4 2016 Earnings Release for 22-February-2017 After Market Hours ET",FCSTEV02/02/17,Tesla Announces Date for Fourth Quarter and Full Year 2016 Financial Results and Webcast,INW01/04/17,DJ Telsa Motors - Hoffnung trotz entt_uschender Verkaufszahlen,DJPA01/04/17,DJ pressetext.de: Telsa Motors - Hoffnung trotz entt_uschender Verkaufszahlen,DJPA01/04/17,DJ Telsa Motors - Hoffnung trotz entt_uschender -2-,DJPA01/04/17,DJ pressetext.de: Telsa Motors - Hoffnung trotz -2-,DJPA01/03/17,Tesla Q4 2016 Production and Deliveries,INW01/02/17,"Tesla, Inc.(TSLA-US) Schedules Q4 2016 Sales and Revenue Release for 3-January-2017",FCSTTS12/28/16,Blog Coverage Panasonic and Tesla Motor Signs Agreement to Start Solar Cell Production at New York Facility,NEWS_ACW12/27/16,DJ IRW-PRESS: Tesla Motors Inc.: Millionendepot: Tesla - Kursziel auf 330 Euro erh_ht,DJIR12/27/16,DJ IRW-PRESS: Tesla Motors Inc.: Millionendepot: -2-,DJIR11/15/16,Tesla Announces Special Meeting of Shareholders and Public Webcast,INW11/04/16,PostEarningsCoverageasTeslaReportsBlockbusterQuarterwithRevenueRocketing1.45andNetOrdersSoaring0.68NEWS_ACW,11/03/16,Compa–’a holandesa por delante de Tesla con el desarrollo de tejas solares,PRNE11/03/16,Une soci_t_ n_erlandaise devance Tesla avec la cr_ation de ses tuiles solaires,PRNE11/03/16,_ _________ _____ __,PRNA11/02/16,Niederl_ndisches Unternehmen ist Tesla bei der Entwicklung des Solardachziegels voraus,PRNE11/02/16,Una compa–’a holandesa se adelanta a Tesla con el desarrollo de tejas solares para techos,PRNL10/31/16,"Tesla, Inc.(TSLA-US) Schedules Acquisition of SolarCity Corp by Tesla Motors Inc Call for 1-November-2016 5:00 PM ET",FCSTEV10/31/16,Question & Answer Webcast to Discuss Tesla's Pending Acquisition of SolarCity,INW10/28/16,Blog Coverage SolarCity and Balfour Beatty Communities Help Air Force Housing Across Four States Go Green,NEWS_ACW10/26/16,Tesla Motors Reports Third Quarter 2016 Financial Results,NEWS_CR10/26/16,Tesla Releases Third Quarter 2016 Financial Results,INW10/15/16,"Tesla, Inc.(TSLA-US) Schedules Extraordinary Shareholders Meeting for 17-November-2016 4:00 PM ET",FCSTEV10/13/16,"DEADLINE ALERT: Bronstein, Gewirtz & Grossman, LLC Notifies Investors of Class Action Against SolarCity Corporation (SCTY) & Lead Plaintiff Deadline - October 14, 2016",NEWS_ACW10/07/16,"Tesla, Inc.(TSLA-US) Schedules Q3 2016 Earnings Call for 26-October-2016 5:30 PM ET",FCSTEV10/07/16,"Tesla, Inc.(TSLA-US) Schedules Q3 2016 Earnings Release for 26-October-2016 After Market Hours ET",FCSTEV10/07/16,Tesla Announces Release Date for Third Quarter 2016 Financial Results,INW10/07/16,"SHAREHOLDER ALERT - Bronstein, Gewirtz & Grossman, LLC Notifies Investors of Class Action Against SolarCity Corporation (SCTY) & Lead Plaintiff Deadline - October 14, 2016",NEWS_ACW10/05/16,"SHAREHOLDER ALERT - Bronstein, Gewirtz & Grossman, LLC Notifies Investors of Class Action Against SolarCity Corporation (SCTY) & Lead Plaintiff Deadline: October 14, 2016",NEWS_ACW10/02/16,Tesla Q3 2016 Production and Deliveries,INW10/01/16,"Tesla, Inc.(TSLA-US) Schedules Q3 2016 Sales and Revenue Release - Production Results for 2-October-2016",FCSTEV09/30/16,"SHAREHOLDER ALERT: Bronstein, Gewirtz & Grossman, LLC Notifies Investors of Class Action Against SolarCity Corporation (SCTY) & Lead Plaintiff Deadline: October 14, 2016",NEWS_ACW09/29/16,"STOCKHOLDER ALERT: Levi & Korsinsky, LLP Has Commenced a Lawsuit Against Elon Musk and Others Concerning Tesla's Proposed Acquisition of SolarCity",NEWS_ACW09/23/16,"Eric Branderiz to Join Tesla as Vice President, Corporate Controller and Chief Accounting Officer",INW09/15/16,"Tesla, Inc.(TSLA-US) Schedules Dougherty & Company Institutional Investor Conference for 28-September-2016",FCSTEV08/07/16,DJ IRW-PRESS: Tesla Motors Inc.: Millionendepot: Tesla Motors Kursziel 300 Euro,DJIR08/03/16,Tesla Releases Second Quarter 2016 Financial Results,INW08/03/16,Tesla Motors Reports Second Quarter 2016 Financial Results,NEWS_CR08/01/16,"Tesla, Inc.(TSLA-US) Schedules J.P. Morgan Auto Conference for 10-August-2016 11:30 AM ET",FCSTEV08/01/16,"SHAREHOLDER ALERT: Levi & Korsinsky, LLP Announces an Investigation Concerning the Fairness of the Sale of SolarCity Corporation to Tesla Motors, Inc. - SCTY",NEWS_ACW08/01/16,"Tesla, Inc.(TSLA-US) Schedules Acquisition of SolarCity Corp by Tesla Motors, Inc Update Call for 1-August-2016 8:00 AM ET",FCSTEV07/19/16,"Tesla, Inc.(TSLA-US) Schedules Q2 2016 Earnings Release for 3-August-2016 After Market Hours ET",FCSTEV07/19/16,"Tesla, Inc.(TSLA-US) Schedules Q2 2016 Earnings Call for 3-August-2016 5:30 PM ET",FCSTEV07/19/16,Tesla Announces Release Date for Second Quarter 2016 Financial Results,INW07/03/16,Tesla Q2 2016 Vehicle Production and Deliveries,INW07/02/16,"Tesla, Inc.(TSLA-US) Schedules Q2 2016 Sales and Revenue Release for 3-July-2016",FCSTEV06/28/16,Battery Market for Plug-in Vehicles to Rise to $10 Billion in 2020,INW06/22/16,"Tesla, Inc.(TSLA-US) Schedules Acquisition of SolarCity Corp by Tesla Motors, Inc Call for 22-June-2016 7:30 AM ET",FCSTEV06/21/16,Tesla Announces Call to Discuss Offer to Acquire SolarCity,INW05/18/16,Tesla Raising Money to Accelerate the Ramp of Model 3,INW05/04/16,Tesla Releases First Quarter 2016 Financial Results,INW05/04/16,Tesla Motors Reports First Quarter 2016 Financial Results,NEWS_CR04/20/16,"Tesla, Inc.(TSLA-US) Schedules Q1 2016 Earnings Call for 4-May-2016 5:30 PM ET",FCSTEV04/20/16,"Tesla, Inc.(TSLA-US) Schedules Q1 2016 Earnings Release for 4-May-2016 After Market Hours ET",FCSTEV04/20/16,Tesla Announces Release Date for First Quarter 2016 Financial Results,INW04/20/16,"Tesla, Inc.(TSLA-US) Schedules Annual General Meeting for 31-May-2016 5:00 PM ET",FCSTEV04/10/16,DJ IRW-PRESS: Tesla Motors Inc.: Perlentrader: Tesla EURO 350 Kursziel wegen Model 3?,DJIR04/10/16,DJ IRW-PRESS: Tesla Motors Inc.: Perlentrader: Tesla -2-,DJIR04/04/16,"Tesla Delivers 14,820 Vehicles in Q1 2016; On Track for Full-Year Delivery Guidance",INW04/03/16,"Tesla, Inc.(TSLA-US) Schedules Q1 2016 Sales and Revenue Release for 4-April-2016",FCSTEV03/22/16,Devonshire Research Group Announces the Issuance of Tesla's Intellectual Property Research Analysis,INW03/06/16,DJ IRW-PRESS: Tesla Motors Inc.: Perlentrader: Tesla Motors Der Shortqueeze wird kommen! Kaufen sie weiterhin Aktien,DJIR03/06/16,DJ IRW-PRESS: Tesla Motors Inc.: Perlentrader: Tesla -2-,DJIR02/10/16,Tesla Releases Fourth Quarter and Full Year 2015 Financial Results,INW02/10/16,"Tesla Motors, Inc.Reports Fourth Quarter 2015 Financial Results",NEWS_CR02/09/16,DJ IRW-PRESS: Tesla Motors Inc.: Perlentrader: Tesla Die Zahlen zum dritten Quartal,DJIR02/04/16,Tesla Motors' CEO Elon Musk Confirmed the Concept of Mobile Batteries as Range Extenders,PRN01/25/16,"Tesla, Inc.(TSLA-US) Schedules Q4 2015 Earnings Release for 10-February-2016 After Market Hours ET",FCSTEV01/25/16,"Tesla, Inc.(TSLA-US) Schedules Q4 2015 Earnings Call for 10-February-2016 5:30 PM ET",FCSTEV01/25/16,Tesla Announces Release Date for Fourth Quarter and Full Year 2015 Financial Results,INW01/03/16,"Tesla Delivers 17,400 Vehicles in Q4 2015; Total 2015 Deliveries Were 50,580",INW12/16/15,"Direction of Market Influences - Analyst Notes on Maxwell Technologies, Organovo Holdings, Abraxas Petroleum and Versartis",NEWS_ACW12/01/15,Tesla elektrisiert DŸsseldorf mit einem Store auf der K_nigsallee,PRNE11/30/15,Tesla erweitert Supercharger netz in der Schweiz,PRNE11/26/15,Tesla er_ffnet Basel City Store am St.-Alban-Graben,PRNE11/23/15,"Tesla, Inc.(TSLA-US) Schedules Credit Suisse Global Industrials Conference for 3-December-2015 1:30 PM ET",FCSTTS11/20/15,"Beyond the Chart, What Price Data Reveals - Research on Maxwell Technologies, Cloud Peak Energy, Sequenom and Care.com",NEWS_ACW11/11/15,"Tesla, Inc.(TSLA-US) Schedules Robert W. Baird & Co. Industrial Conference for 11-November-2015 2:00 PM ET",FCSTTS11/03/15,"Tesla Announces New Leadership in Finance, Sales & Service",INW11/03/15,Tesla Releases Third Quarter 2015 Financial Results,INW11/03/15,Tesla Third Quarter 2015 Shareholder Letter,NEWS_CR10/21/15,DJ IRW-PRESS: Tesla Motors Inc.: Das Millionendepot: Tesla Motors Bei Schw_che kaufen mit Kursziel 300 Euro,DJIR10/21/15,DJ IRW-PRESS: Tesla Motors Inc.: Das Millionendepot: -2-,DJIR10/19/15,"Tesla, Inc.(TSLA-US) Schedules Q3 2015 Earnings Release for 3-November-2015 After Market Hours ET",FCSTEV10/19/15,"Tesla, Inc.(TSLA-US) Schedules Q3 2015 Earnings Call for 3-November-2015 5:30 PM ET",FCSTTS10/19/15,Tesla Announces Release Date for Third Quarter 2015 Financial Results,INW10/02/15,"Tesla Delivers 11,580 Vehicles in Q3 of 2015",INW10/01/15,"Tesla, Inc.(TSLA-US) Schedules Q3 2015 Sales and Revenue Release for 2-October-2015",FCSTTS09/28/15,Tesla er_ffnet werk in Tilburg fŸr die auslieferung des Model S in Europa,PRNE09/28/15,Tesla apre l'impianto di Tilburg per la fornitura di vetture Model S in tutta Europa,PRNE08/17/15,Tesla er_ffnet neues Service Center und Supercharger Station in Graz,PRNE08/13/15,Tesla Announces $500 Million Common Stock Offering,INW08/05/15,Tesla Releases Second Quarter 2015 Financial Results,INW08/05/15,"Tesla Motors, Inc. Second Quarter 2015 Shareholder Letter and Financial Results",NEWS_CR08/03/15,"Tesla, Inc.(TSLA-US) Schedules J.P. Morgan Auto Conference for 12-August-2015 11:20 AM ET",FCSTTS07/22/15,Teslas Supercharger Station er_ffnet in Dietlikon,PRNE07/22/15,"Tesla, Inc.(TSLA-US) Schedules Q2 2015 Earnings Release for 5-August-2015 After Market Hours ET",FCSTEV07/22/15,"Tesla, Inc.(TSLA-US) Schedules Q2 2015 Earnings Call for 5-August-2015 5:30 PM ET",FCSTTS07/22/15,Tesla Announces Release Date for Second Quarter 2015 Financial Results,INW07/21/15,DJ IRW-PRESS: Tesla Motors Inc.: Millionendepot: -2-,DJIR07/21/15,DJ IRW-PRESS: Tesla Motors Inc.: Millionendepot: Tesla Motors Inc.: Das Kursziel betr_gt weiterhin 350 US Dollar,DJIR07/16/15,Tesla Invites America to Join the Next Billion,INW07/13/15,Women and Men Are Mostly in Favor of the Tesla Manufacturer-Direct Car Shopping Model,INW07/06/15,"La rete Supercharger Tesla si espande verso sud, rendendo ancora più agevoli gli spostamenti all'interno dell'Europa",PRNE07/06/15,Das Supercharger-Netz von Tesla expandiert nach SŸden - damit wird das reisen in ganz Europa noch leichter,PRNE07/02/15,"Tesla Delivers 11,507 Vehicles in Q2 of 2015",INW07/01/15,"Tesla, Inc.(TSLA-US) Schedules Q2 2015 Sales and Revenue Release for 2-July-2015",FCSTTS06/23/15,"""One billion miles"": Tesla Model S - mehr als eine milliarde gefahrene elektrische Meilen",PRNE06/23/15,La Model S di Tesla supera il miliardo di miglia elettriche,PRNE06/19/15,"Tesla er_ffnet neue Supercharger-Station in Villach, K_rnten",PRNE05/18/15,Tesla digitalisiert den Leasingprozess,PRNE05/07/15,Select Registry Teams with Tesla Motors,PRN05/06/15,Tesla Releases First Quarter 2015 Financial Results,INW05/06/15,"Tesla Motors, Inc. First Quarter 2015 Shareholder Letter and Financial Results",NEWS_CR05/05/15,NRStor and Opus One partner to bring Tesla Home Battery to Canada,CNW04/30/15,Jackson Family Wines Collaborates with Tesla Energy to Pilot Stationary Energy Storage Systems,BW04/30/15,MEDIA ALERT: Tesla Energy Event,INW04/26/15,DJ IRW-PRESS: Tesla Motors Inc.: Das Millionendepot: Tesla Motors Inc. Kursexplosion auf 300 Euro danke Neubewertung m_glich,DJIR04/26/15,DJ IRW-PRESS: Tesla Motors Inc.: Das Millionendepot: -2-,DJIR04/22/15,"Tesla, Inc.(TSLA-US) Schedules Annual General Meeting for 9-June-2015 5:00 PM ET",FCSTTS04/22/15,Tesla Announces 2015 Annual Stockholder Meeting and Public Webcast,INW04/22/15,"Tesla, Inc.(TSLA-US)SchedulesQ12015EarningsCallfor421305:30PMET",FCSTTS04/22/15,"Tesla, Inc.(TSLA-US) Schedules Q1 2015 Earnings Release for 6-May-2015 After Market Hours ET",FCSTEV04/22/15,Tesla Announces Release Date for First Quarter 2015 Financial Results,INW04/03/15,"Tesla, Inc.(TSLA-US) Schedules Q1 2015 Sales and Revenue Release for 3-April-2015",FCSTTS04/03/15,"Tesla Delivers 10,030 Vehicles in Q1 of 2015",INW03/26/15,Tesla er_ffnet Deutschlands 30. Supercharger-Station in Waldlaubersheim,PRNE03/16/15,Tesla Opent Nieuwe Locatie In Amsterdam,PRNE03/11/15,Tesla introcuceert innovatieve financiering met Tesla Verkoopoptie,PRNE03/11/15,Tesla annonce le lancement d'un systeme de financement innovant avec garantie de valeur de reprise pour ses clients en Belgique,PRNE03/11/15,Tesla annuncia l'innovativo programma di finanziamento Garanzia del Valore di Rivendita,PRNE03/11/15,Tesla tilbyder nu innovativ finansiering med tilbagek¿bs-garanti,PRNE03/11/15,Tesla lanserar innovativ finansiering med Œterk_psgaranti,PRNE03/11/15,Tesla kŸndigt innovative Finanzierung mit Restwertgarantie an,PRNE03/11/15,Tesla annonce le lancement d'un systeme de financement innovant avec garantie de valeur de reprise pour ses clients en France,PRNE03/10/15,Tesla bietet Finanzierung in …sterreich an,PRNE02/26/15,"Tesla, Inc.(TSLA-US) Schedules ROTH Growth Stock Conference for 10-March-2015 12:00 PM ET",FCSTTS02/16/15,Una stazione Tesla Supercharger apre a Monte Ceneri,PRNE02/16/15,Teslas Supercharger Station er_ffnet am Monte Ceneri Pass,PRNE02/11/15,"Tesla Motors, Inc. Fourth Quarter 2014 Shareholder Letter and Financial Results",NEWS_CR02/11/15,CORRECTION - Tesla Releases Fourth Quarter and Full Year 2014 Financial Results,INW02/11/15,Tesla Releases Fourth Quarter and Full Year 2014 Financial Results,INW02/10/15,"Tesla Announces Same Day, New Time for Fourth Quarter and Full Year 2014 Financial Results",INW01/29/15,"Tesla, Inc.(TSLA-US) Schedules Q4 2014 Earnings Release for 11-February-2015 After Market Hours ET",FCSTEV01/29/15,"Tesla, Inc.(TSLA-US) Schedules Q4 2014 Earnings Call for 11-February-2015 7:30 PM ET",FCSTTS01/29/15,Tesla Announces Release Date for Fourth Quarter and Full Year 2014 Financial Results,INW01/15/15,DJ IRW-PRESS: Tesla Motors Inc.: AktienCheck24.com: Tesla Motors Inc. Warum die Aktie trotz der derzeit schlechten Nachrichtenlage leicht die 250 Euro erreichen wird,DJIR01/05/15,"Tesla, Inc.(TSLA-US) Schedules Deutsche Bank Global Auto Industry Conference for 14-January-2015 12:30 PM ET",FCSTTS12/19/14,DJ IRW-PRESS: Tesla Motors Inc.: AktienCheck24.com - Tesla Motors Inc.: Das Kursziel ist mindestens 300 Euro,DJIR12/12/14,Tesla'S Supercharger expansion in der Schweiz geht weiter,PRNE12/12/14,Tesla Supercharger Network in Switzerland Keeps Growing,PRNE12/09/14,Tesla Officially Launches in Australia,INW11/26/14,"Tesla, Inc.(TSLA-US) Schedules Credit Suisse Global Industrials Conference for 3-December-2014 3:45 PM ET",FCSTTS11/11/14,"Tesla, Inc.(TSLA-US) Schedules Robert W. Baird & Co. Inc Industrial Conference for 11-November-2014 1:30 PM ET",FCSTTS11/06/14,DJ IRW-PRESS: Tesla Motors Inc.: www.Perlentrader.com Tesla Motors Inc. Ist die Wachstumsstory nach den Quartalszahlen noch intakt?,DJIR11/05/14,Tesla Releases Third Quarter 2014 Financial Results,INW11/05/14,"Tesla Motors, Inc. Third Quarter 2014 Shareholder Letter and Financial Results",NEWS_CR11/05/14,Tesla ouvre un nouveau Store au centre-ville de Genève,PRNE11/05/14,Tesla Opens New Flagship Store Geneva City Center,PRNE11/03/14,Tesla's Supercharger Expansion in der Schweiz geht weiter,PRNE10/27/14,DJ IRW-PRESS: Tesla Motors Inc.: www.Perlentrader.com Tesla Motors Inc. Wie wird sich der Kurs nach dem Ausstieg von Daimler und Toyota entwickeln?,DJIR10/22/14,"Automakers say yes to extended EV ranges, no to Tesla's battery technology",PRN10/21/14,"Tesla, Inc.(TSLA-US) Schedules Q3 2014 Earnings Call for 5-November-2014 5:30 PM ET",FCSTTS10/21/14,"Tesla, Inc.(TSLA-US) Schedules Q3 2014 Earnings Release for 5-November-2014 After Market Hours ET",FCSTEV10/21/14,Tesla Announces Release Date for Third Quarter Financial Results,INW10/09/14,Elon Musk's $2 Billion Tweet,PMZ10/08/14,Tesla er_ffnet neue Stores in Hamburg und Berlin,PRNE10/06/14,Tesla pr_sentiert von Grund auf neu entwickeltes Finanzierungskonzept,PRNE10/03/14,Orange Business Services to Provide Wireless Connectivity for Tesla Cars in France,BW09/19/14,Tesla ouvre son premier Service Center ˆ Genève,PRNE09/19/14,"Tesla Opens First Service Center in Geneva, Switzerland",PRNE09/17/14,Tesla's Supercharger Netzwerk w_chst weiter,PRNE09/16/14,Tesla Gigafactory Will Require 8 New Graphite Mines; Great Lakes Graphite is Fast Tracked to Production,PMZ09/09/14,Tesla's supercharger expansion in Deutschland geht weiter,PRNE09/08/14,"Tesla Acts Quick, Crowning Nevada As The $5B Gigafactory Host",NEWS_ACW08/20/14,Tesla Opens New Service Center with Showroom in Antwerp,PRNE08/20/14,Tesla Opent Nieuw Service Center met Showroom in Antwerpen,PRNE08/15/14,Tesla erweitert Supercharger-netzwerk in der Schweiz,PRNE08/15/14,Tesla Expands Supercharger Network in Switzerland,PRNE08/12/14,Tesla ouvre sa 50ème station Superchargeur en Europe,PRNE08/12/14,Tesla Œpner Supercharger NR. 50 i Europa,PRNE08/12/14,Tesla Œbner Supercharger-station nummer 50 i Europa,PRNE08/12/14,Tesla opent 50ste Supercharger locatie in Europa,PRNE08/12/14,Tesla apre la 50[a]stazione Supercharger in Europa,PRNE08/12/14,Tesla Opens 50th Supercharger Site in Europe,PRN08/12/14,Tesla _ppnar den 50:E Superchargern i Europa,PRNE08/12/14,Tesla er_ffnet 50. Supercharger in Europa,PRNE08/11/14,"Tesla, Inc.(TSLA-US) Schedules J.P. Morgan Auto Conference for 12-August-2014 2:15 PM ET",FCSTTS07/31/14,Tesla Releases Second Quarter 2014 Financial Results,INW07/30/14,Tesla continue l'expansion de son r_seau de Superchargeurs en France,PRNE07/17/14,"Tesla, Inc.(TSLA-US) Schedules Q2 2014 Earnings Release for 31-July-2014 After Market Hours ET",FCSTTS07/17/14,"Tesla, Inc.(TSLA-US) Schedules Q2 2014 Earnings Call for 31-July-2014 5:30 PM ET",FCSTTS07/17/14,Tesla Announces Release Date for Second Quarter Financial Results,INW07/17/14,Tesla's Supercharger Expansion in Deutschland geht weiter,PRNE07/15/14,Les nouveaux Superchargeurs Tesla operationnels le long de l'autoroute du soleil,PRNE06/19/14,Tesla est sur le point d'_lectrifier la route vers la C™te d'Azur avec ses Superchargeurs,PRNE06/19/14,Tesla erweitert Supercharger-Netzwerk in Deutschland,PRNE06/16/14,Tesla Motors inaugure sa nouvelle implantation dans le Sud de la France,PRNE06/07/14,Right Hand Drive Model S Arrives in the UK,PRNE06/05/14,Tesla erweitert Supercharger-Netzwerk in DACH Region,PRNE06/04/14,Energiewende Pr_mie fŸr Tesla Model S Kunden,PRNE05/31/14,Expert Opinion on the New Tesla Model S by Steve Tsingas,INW05/09/14,Tesla baut Standbein in Schweiz weiter aus und er_ffnet neues Service Center fŸr Basel,PRNE05/07/14,Tesla Releases First Quarter 2014 Financial Results,INW05/02/14,Tesla Announces 2014 Annual Stockholder Meeting and Public Webcast,INW04/26/14,"Tesla, Inc.(TSLA-US) Schedules Annual General Meeting for 3-June-2014 2:00 PM ET",FCSTTS04/22/14,Tesla und Sixt Leasing kŸndigen strategische Partnerschaft in der Schweiz an,PRNE04/18/14,"Tesla, Inc.(TSLA-US) Schedules Q1 2014 Earnings Call for 7-May-2014 5:30 PM ET",FCSTTS04/18/14,"Tesla, Inc.(TSLA-US) Schedules Q1 2014 Earnings Release for 7-May-2014 After Market Hours ET",FCSTEV04/18/14,"Tesla, Inc.(TSLA-US) Schedules Q1 2014 Earnings Release for 7-May-2014 After Market Hours ET",FCSTEV04/18/14,Tesla Motors Announces Date for First Quarter 2014 Financial Results,INW04/15/14,Tesla Motors No Longer Able to Sell Cars Directly to Customers in New Jersey,NEWS_ACW04/03/14,"Earnings Cheat Sheet: GACR, TSLA, PLUG, BLDP",NEWS_ACW03/13/14,New Jersey Law Bans Tesla from Selling Its Battery-Power Cars as of Apr. 1,NEWS_ACW03/12/14,"Tesla Motors Chooses Fast, Battery-Powered Rotary Lift Shockwaveª Lifts to Service Its Fast, Battery-Powered Cars",PRN03/04/14,Tesla s'engage ˆ accro”tre sa pr_sence en Europe,PRNE03/04/14,Tesla forts_tter expansionen i Europa,PRNE03/04/14,Tesla forplikter seg til videre ekspansjon i Europa,PRNE03/04/14,Tesla expandiert weiter in Europa,PRNE03/04/14,Tesla breidt verder uit in Europa,PRNE03/04/14,Tesla continua ad espandersi anche in Europa,PRNE03/04/14,Tesla forts_tter ekspansionen i Europa,PRNE03/04/14,Tesla Commits to Further Expansion in Europe,PRN02/26/14,Tesla Announces $1.6 Billion Convertible Notes Offering,INW02/21/14,"Tesla er_ffnet erstes Service Center in Wien, …sterreich",PRNE02/19/14,UHNW Valuation Update - Elon Musk's Net Worth Rises To US$9.7 Billion After Tesla's Stocks Soar On Q4 Profits,PRN02/19/14,Tesla Releases Fourth Quarter & Full Year 2013 Financial Results,INW02/18/14,Tesla Motors Announces Date for Fourth Quarter & Full Year 2013 Financial Results,NEWS_CR02/03/14,Tesla und Sixt Leasing schlie§en strategische Partnerschaft,PRNE01/29/14,"Tesla, Inc.(TSLA-US) Schedules Q4 2013 Earnings Call for 19-February-2014 5:30 PM ET",FCSTEV01/29/14,"Tesla, Inc.(TSLA-US) Schedules Q4 2013 Earnings Release for 19-February-2014 After Market Hours ET",FCSTEV01/29/14,Tesla Motors Announces Date for Fourth Quarter & Full Year 2013 Financial Results,INW01/21/14,Tesla breidt Supercharger netwerk uit in Europa,PRNE01/21/14,Tesla erweitert Supercharger-Netzwerk in Europa,PRNE01/21/14,Tesla etend son reseau de Superchargers en Europe,PRNE01/21/14,Tesla Expands Supercharger Network in Europe,PRN01/14/14,Tesla Revenue Expected to Exceed Guidance by 20% in Fourth Quarter,INW01/13/14,"Tesla, Inc.(TSLA-US) Schedules Q4 2013 Sales and Revenue Release for 14-January-2014",FCSTEV01/10/14,Tesla Provides Customers With Upgraded Charging Software and Adapter,INW12/23/13,NHTSA Reaffirms Model S 5-Star Safety Rating in All Categories for Model Year 2014,NEWS_CR12/19/13,Tesla opent nieuwe design store in P.C. Hooftstraat Amsterdam,PRNE12/19/13,"Important Trend Analysis: Tesla Motors Inc, Federal National Mortgage Association, WPCS International Incorporated, Questcor Pharmaceuticals Inc",NEWS_ACW12/19/13,"Opening Buzz: SolarCity Corp, 3D Systems Corporation, pSivida Corp, Alcatel Lucent SA",NEWS_ACW12/19/13,Die ersten Supercharger in Deutschland elektrisieren die route Zwischen MŸnchen und Amsterdam,PRNE12/18/13,"Opening Buzzers: Tesla Motors Inc, Facebook Inc, Intel Corporation, Cisco Systems",NEWS_ACW12/18/13,"New Interactive Exhibition Based on Life, Works of Nikola Tesla Announced by Show Time Exhibitions",PRN12/13/13,First Tesla Supercharger in Switzerland Energizes Route Between Zurich and Geneva,PRNE12/05/13,"SHAREHOLDER ALERT: Brower Piven Encourages Investors With More Than $200,000 in Losses from Investment in Tesla Motors, Inc. to Contact Brower Piven Before the January 7, 2014 Lead Plaintiff Deadline",BW12/05/13,"Bearish Stocks Trend Analysis: Tesla Motors Inc, Apple Inc, J.C. Penney Company, Oculus Innovative Sciences, Mosaic Co",PRN12/02/13,German Federal Motor Transport Authority (Kraftfahrt-Bundesamt) Concludes Review of Model S Incidents,INW12/02/13,"Traders Buzz: Tesla Motors Inc, Sirius XM Radio, Microsoft Corporation, Ariad Pharmaceuticals",NEWS_ACW11/27/13,"Law Offices of Howard G. Smith Announces Investigation on Behalf of Investors of Tesla Motors, Inc.",BW11/27/13,"SCTY, CSIQ, SPWR and FSLR added to Solar Stock Watch List at EPR",NEWS_ACW11/12/13,"TESLA MOTORS, INC. SHAREHOLDER ALERT: Levi & Korsinsky, LLP Reminds Investors of Class Action Against Tesla Motors, Inc. and Its Board of Directors and a Lead Plaintiff Deadline of January 7, 2014 -- TSLA",PMZ11/12/13,"SHAREHOLDER ALERT: Brower Piven Encourages Investors With More Than $200,000 in Losses From Investment in Tesla Motors, Inc. to Contact Brower Piven Before the January 7, 2014 Lead Plaintiff Deadline -- TSLA",PMZ11/08/13,"Pomerantz Law Firm Has Filed a Class Action Against Tesla Motors, Inc. and Certain Officers -- TSLA",PMZ11/05/13,Tesla Motors Releases Third Quarter 2013 Financial Results,INW10/31/13,"Tesla Model S Outsells the Market in Some of America's Wealthiest Cities, Says Edmunds.com",PRN10/31/13,"Tesla, Inc.(TSLA-US) Schedules Robert W Baird and Co Industrial Conference for 6-November-2013 1:00 PM ET",FCSTEV10/30/13,Tesla Energizes West Coast Supercharger Corridor,INW10/30/13,TESLA MOTORS INC : Press Release,NEWS_CR10/30/13,Panasonic and Tesla Reach Agreement to Expand Supply of Automotive-Grade Battery Cells,INW10/28/13,BASF receives Supplier Award from Tesla,PRN10/28/13,"SCTY, AAPL, FCEL and CYOU added to NASDAQ Active Stock Watch List at GSR",NEWS_ACW10/24/13,Tesla Hires Apple VP Doug Field to Lead Vehicle Programs,INW10/23/13,CORRECTION - Tesla Motors Inc: Tesla Motors gibt wichtige Entwicklungen fŸr den Deutschen Markt bekannt,PRNE10/23/13,CORRECTION - Tesla Motors Inc: Tesla Motors Announces Major Developments for Germany,PRNE10/23/13,Tesla Motors gibt wichtige Entwicklungen fŸr den Deutschen Markt bekannt,PRNE10/23/13,Tesla Motors Announces Major Developments for Germany,PRNE10/17/13,"Tesla, Inc.(TSLA-US) Schedules Q3 2013 Earnings Call for 5-November-2013 5:30 PM ET",FCSTEV10/17/13,"Tesla, Inc.(TSLA-US) Schedules Q3 2013 Earnings Release for 5-November-2013 After Market Hours ET",FCSTEV10/17/13,Tesla Motors Announces Date for Third Quarter 2013 Financial Results,INW10/15/13,"TSLA, ARIA, CNDO and AMRN added to NASDAQ Active Stock Watch List at EPR",NEWS_ACW10/09/13,"TSLA, HIMX, AGEN and CLDX added to Nasdaq Active Stock Watch List at EPR",NEWS_ACW10/08/13,Tesla Model S Electric Rental Cars Now Available From Los Angeles All-Green Fleet,PRN10/03/13,"Key to Success, How to Profit: T, TSLA, FOXA and P",INW10/02/13,"Tesla, Inc.(TSLA-US) Schedules Daiwa Investment Conference for 19-November-2013 12:40 AM ET",FCSTEV10/01/13,"TSLA, AGNC, GERN and ZLCS added to Nasdaq Active Stock Watch List at GSR",NEWS_ACW09/25/13,"TSLA, BBRY, AMAT and HIMX added to NASDAQ Active Stock Watch List at EPR",NEWS_ACW09/17/13,"TSLA, AAPL. MNKD and OMER added to NASDAQ Active Stock Watch List at GSR",NEWS_ACW09/10/13,"TSLA, GRPN, AGNC and LULU added to NASDAQ Active Weekly Watch List at EPR",NEWS_ACW09/10/13,Tesla Motors Presents Supercharging at IAA and Announces Plans for European Network Expansion,PRN08/29/13,Tesla Motors Brings Revolutionary Supercharger to Europe With Launch Across Norway,PRN08/28/13,"TSLA, AGNC, FB and CPRX added to NASDAQ Active Stock Watch List at EPR",NEWS_ACW08/27/13,British Americans Help Children in Need at Polo Fundraiser,PRN08/23/13,"Tesla Motors abre una planta de ensamblaje en Tilburg, Pa’ses Bajos",PRNE08/23/13,"The Reason It Trades, What's Moving AAPL, TSLA and MCD",INW08/23/13,Tesla Motors ouvre une usine d'assemblage ˆ Tilburg aux Pays-Bas,PRNE08/22/13,Tesla Motors er_ffnet Montagewerk im niederl_ndischen Tilburg,PRNE08/22/13,"Tesla Motors Opens Assembly Plant in Tilburg, Netherlands",PRN08/20/13,"TSLA, GMCR, NVAX and SLM added to NASDAQ Active Stock Watch List at EPR",NEWS_ACW08/20/13,"Game Changing Insight on JPM, TSLA, C and XOM",INW08/20/13,"SCTY, SPWR, LINE and ZNGA added to NASDAQ Decliners Weekly Watch List at EPR",NEWS_ACW08/19/13,UPDATE: Tesla Model S Achieves Best Safety Rating of Any Car Ever Tested,INW08/19/13,Tesla Model S Achieves Best Safety Rating of Any Car Ever Tested,INW08/17/13,Erste Schweizer Kunden bekommen heute ihr Model S in ZŸrich/Winterthur,PRNE08/14/13,"TSLA, AGNC, OSIR and MU added to NASDAQ Active Stock Watch List at GSR",NEWS_ACW08/13/13,"Tesla, Inc.(TSLA-US) Schedules J.P. Morgan Automotive Conference for 13-August-2013 4:00 PM ET",FCSTEV08/12/13,Tesla Motors' Supply Chain VP to Speak at CSCMP Annual Global Conference; Closing Session to Focus on Personal Development,PRN08/12/13,"Tesla, Inc.(TSLA-US) Schedules Jefferies Global Industrials Conference for 12-August-2013 11:30 AM ET",FCSTEV08/08/13,"TSLA, DRYS, INTC and MDLZ added to NASDAQ Active Stock Watch List at EPR",NEWS_ACW08/07/13,Tesla Motors Releases Second Quarter 2013 Financial Results,INW08/07/13,Tesla Model S ankommer det Europeiske markedet,PRNE07/31/13,"Strategy Behind Our Success, We Get in Early: SNDK, TSLA and X",INW07/30/13,"TSLA, MTGE, AEGR and GT added to NASDAQ Active Stock Watch List at GSR",NEWS_ACW07/25/13,"TSLA, SIRI, ALXN and FB added to NASDAQ Active Stock Watch List at EPR",NEWS_ACW07/22/13,"TSLA, MNKD, HOLX and ACTG added to NASDAQ Active Stock Watch List at GSR",NEWS_ACW07/18/13,Tesla poursuit l'expansion de son r_seau europ_en,PRNE07/18/13,Tesla breidt haar europese netwerk verder uit,PRNE07/16/13,"Tesla, Inc.(TSLA-US) Schedules Q2 2013 Earnings Call for 7-August-2013 5:30 PM ET",FCSTEV07/16/13,"Tesla, Inc.(TSLA-US) Schedules Q2 2013 Earnings Release for 7-August-2013 After Market Hours ET",FCSTEV07/16/13,Tesla Motors Announces Date for Second Quarter 2013 Financial Results,INW07/15/13,"TSLA, LEAP, AGNC and NTAP added to NASDAQ Active Stock Watch List at EPR",NEWS_ACW07/11/13,DJ IRW-PRESS: Tesla Motors Inc.: -2-,DJIR07/10/13,Helios Entertainment Releases eBook Version of Nikola Tesla-Inspired Graphic Novel THE INVENTOR and Album RISE on Tesla's 157th Birthday,PRN07/08/13,"Tesla, Medient, Disney Reinvigorate Public Private Partnerships",NEWS_ACW06/28/13,TeslasupporterspetitionWhiteHousefordirectsales,NEWS_ACW06/28/13,"Zacks Investment Ideas feature highlights: Tesla Motors, coal ETF, Market Vectors Uranium & Nuclear Energy ETF, Guggenheim Solar ETF and PowerShares Wilderhill Clean Energy ETF",PRN06/24/13,Summer in Los Angeles is Going Ultra-Green with the Tesla Model S at MPG Car Rental,PRN06/24/13,Tesla Supercharging Stations at CBL Malls,BW06/24/13,"TSLA, MNKD, AGNC and ARNA added to Nasdaq Active Stock Watch List at EPR",NEWS_ACW06/18/13,"TSLA, NFLX, MU and MSFT added to Nasdaq Gainers Watch List at GSR",NEWS_ACW06/11/13,"Special Offer for Shareholders of RFMD, TSLA and ANR",INW06/03/13,Tesla Motors Announces 2013 Annual Shareholder Meeting Webcast,INW05/30/13,"Tesla Dramatically Expands Supercharger Network, Delivering Convenient, Free long Distance Driving Throughout U.S. and Canada",INW05/29/13,"MEDIA ADVISORY: Tesla Motors Supercharger Announcement Thursday, May 30, 2013",INW05/28/13,"Watch List Initiated: TSLA, BAC, OMTH added at GSR",NEWS_ACW05/25/13,"Ready to Profit? Start Here Now With TSLA, MRK, GNBT and EMC",INW05/24/13,Exclusive Tesla Model S Preview for Biodynamic Wine Lovers in Copenhagen - Turpino 2010 by Querciabella Makes Danish Debut,PRN05/22/13,Tesla Repays Department of Energy Loan Nine Years Early,INW05/22/13,"TSLA, ARMH, UNXL and SNE added to Active Stock Watch List at EPR",NEWS_ACW05/16/13,"The Zacks Analyst Blog Highlights: Tesla Motors, Research In Motion, Apple, Google and Nokia",PRN05/15/13,Tesla Motors Announces Offerings of Common Stock and Convertible Senior Notes,INW05/15/13,"In The Know, Smart Investing in GE, TSLA and INTC",INW05/14/13,"TSLA, ZNGA, NFLX and GRPN added to NASDAQ Active Stock Watch List at EPR",NEWS_ACW05/09/13,"GMCR, TSLA and GRPN added to Watch List at GSR",NEWS_ACW05/08/13,Tesla Motors Releases First Quarter 2013 Financial Results,INW05/06/13,Tesla Hires Aston Martin's Vehicle Engineering Leader,INW05/03/13,Tesla Improves Financing Product With Best Resale Value Guarantee and Lower Monthly Payments,INW05/02/13,"MEDIA ADVISORY: Tesla Motors Announcement Friday, May 3, 2013",INW04/25/13,Media Advisory | Tesla Motors Announcement,INW04/24/13,"Tesla, Inc.(TSLA-US) Schedules Q1 2013 Earnings Call for 8-May-2013 5:30 PM ET",FCSTEV04/24/13,"Tesla, Inc.(TSLA-US) Schedules Q1 2013 Earnings Release for 8-May-2013 After Market Hours ET",FCSTEV04/23/13,TeslaMotorsAnnouncesDateforFirstQuarter2013FinancialResults,INW04/21/13,Poll From Austin Business Journal Shows Overwhelming Public Support for Tesla Motors Selling Electric Cars Direct to Consumers in Texas,INW04/17/13,"Tesla, Inc.(TSLA-US) Schedules Annual General Meeting for 4-June-2013 6:00 PM ET",FCSTEV04/17/13,Tesla Motors Announces 2013 Annual Stockholder Meeting,INW04/17/13,Peretz & Associates: Former Director of Communications Prevails in David vs. Goliath Five-Year Lawsuit Against Tesla Motors,PRN04/16/13,"Blue-chip Movers: Tesla Motors Inc, Hewlett-Packard Company, Pfizer Inc, Eli Lilly & Co.",NEWS_ACW04/03/13,The Tesla Model S Comes to MPG Car Rental,PRN04/02/13,Tesla Unveils Revolutionary New Finance Product,INW04/01/13,"Tesla, Inc.(TSLA-US) Schedules Business Update Call for 2-April-2013 5:00 PM ET",FCSTEV04/01/13,"Media Advisory for Journalists, Analysts and Investors: Tesla Motors Announcement Tuesday, April 2nd",INW04/01/13,"Early Movers: Tesla Motors Inc, Vringo, J.C. Penney Company",NEWS_ACW03/31/13,Tesla Model S Sales Exceed Target,INW03/07/13,Tesla Motors kondigt aan de banden met Nederland nog meer te versterken,PRNE03/05/13,The Duality of Elon Musk (SpaceX) - TSLA,NEWS_ACW02/20/13,Tesla Motors Releases Fourth Quarter & Year-End 2012 Financial Results,INW02/12/13,"Tesla, Inc.(TSLA-US) Schedules Q4 2012 Earnings Release for 20-February-2013 After Market Hours ET",FCSTEV02/12/13,"Tesla, Inc.(TSLA-US) Schedules Q4 2012 Earnings Call for 20-February-2013 5:30 PM ET",FCSTEV02/11/13,Tesla Motors Announces Date for Fourth Quarter & Year-End 2012 Financial Results,INW01/04/13,Tesla Motors Wins Lawsuit Against Auto Dealers in Massachusetts,INW12/20/12,Tesla Motors Sets European Pricing for Model S,INW12/13/12,Intra-Day Update On Selected Stocks: (NASDAQ: SCTY) (NASDAQ: TELK),NEWS_ACW12/12/12,Tesla Motors Announces Major European Distribution Center in the Netherlands,PRN11/29/12,"Tesla, Inc.(TSLA-US) Schedules Deutsche Bank Global Auto Industry Conference for 16-January-2013 9:30 AM ET",FCSTEV11/29/12,Tesla Motors Sets New Pricing for Award-Winning Model S,INW11/16/12,Tesla Motors Opens First Canadian Store,INW11/14/12,Deloitte Announces 2012 Technology Fast 500ª Rankings,PRN11/12/12,Tesla Model S Wins One of Automotive Industry's Highest Honors: Motor Trend 2013 Car of the Year,INW11/05/12,"Tesla, Inc.(TSLA-US) Schedules Robert W. Baird & Co. Industrial Conference for 6-November-2012 11:45 AM ET",FCSTEV11/05/12,Tesla Motors Releases Third Quarter 2012 Financial Results,INW11/01/12,Tesla Motors Brings Model S to the Autobahn for the First Time,INW11/01/12,"Tesla Model S Blows Away the Competition and Wins AUTOMOBILE Magazine's ""Automobile of the Year""",INW10/29/12,Tesla Motors Revises Time for Third Quarter 2012 Financial Results,INW10/17/12,"Tesla, Inc.(TSLA-US) Schedules Q3 2012 Earnings Release for 5-November-2012 Before Market Open ET",FCSTEV10/17/12,"Tesla, Inc.(TSLA-US) Schedules Q3 2012 Earnings Call for 5-November-2012 8:00 AM ET",FCSTEV10/17/12,Tesla Motors Announces Date for Third Quarter 2012 Financial Results,INW09/28/12,Tesla Motors Announces Pricing of Its Follow-On Offering,INW09/25/12,Tesla Motors Announces Follow-on Offering,INW09/25/12,DJ pressetext.de: Tesla startet Elektroauto-Schnellladestationen - Korridore quer durch Amerika und 2013 auch Europa geplant,DJPA09/24/12,Tesla Motors Launches Revolutionary Supercharger Enabling Convenient Long Distance Driving,INW09/21/12,Tesla Motors Accelerates Into Fall With Retail Expansion,INW09/12/12,"Tesla, Inc.(TSLA-US) Schedules Think Equity Growth Conference for 13-September-2012 11:00 AM ET",FCSTEV08/15/12,Tesla Motors Announces Canadian Pricing for Model S,INW08/14/12,"Tesla, Inc.(TSLA-US) Schedules J.P. Morgan Automotive Conference for 14-August-2012 9:20 AM ET",FCSTEV07/25/12,Tesla Motors Releases Second Quarter 2012 Financial Results,INW07/19/12,"Tesla, Inc.(TSLA-US) Schedules Q2 2012 Earnings Release for 25-July-2012 After Market Hours ET",FCSTEV07/19/12,"Tesla, Inc.(TSLA-US) Schedules Q2 2012 Earnings Call for 25-July-2012 5:30 PM ET",FCSTEV07/19/12,Tesla Motors Announces Date for Second Quarter 2012 Financial Results,INW06/22/12,Tesla Motors Delivers World's First Premium Electric Sedan to Customers,INW06/21/12,Tesla Motors and Wells Fargo Announce Retail Financing Relationship,INW05/24/12,Tesla Expands Retail Network Before Model S Deliveries,INW05/22/12,Tesla Motors to Begin Customer Deliveries of Model S on June 22nd,INW05/14/12,"Tesla, Inc.(TSLA-US) Schedules Deutsche Bank Clean Tech, Utilities and Power Conference for 14-May-2012 8:00 AM ET",FCSTEV05/09/12,Tesla Motors Releases First Quarter 2012 Financial Results,INW05/02/12,"Tesla, Inc.(TSLA-US) Schedules Annual General Meeting for 6-June-2012 12:00 PM ET",FCSTEV05/02/12,Tesla Motors Announces 2012 Annual Shareholder Meeting,INW04/12/12,"Tesla, Inc.(TSLA-US) Schedules Q1 2012 Earnings Call for 9-May-2012 5:30 PM ET",FCSTEV04/12/12,"Tesla, Inc.(TSLA-US) Schedules Q1 2012 Earnings Release for 9-May-2012 After Market Hours ET",FCSTEV04/12/12,Tesla Motors Announces Date for First Quarter 2012 Financial Results,INW04/11/12,Tesla Expands Its European Footprint,PRN03/06/12,Tesla Motors and Athlon Car Lease Announce First Model S Leasing Program,PRN02/15/12,Tesla Motors Releases Fourth Quarter & Full Year 2011 Financial Results,INW02/14/12,"Model X, Fastest Selling Tesla Ever",INW02/10/12,Video: Tesla Unveils Model X at Its Los Angeles Design Studio,INW01/30/12,"Tesla, Inc.(TSLA-US) Schedules Q4 2011 Earnings Call for 15-February-2012 5:30 PM ET",FCSTEV01/30/12,"Tesla, Inc.(TSLA-US) Schedules Q4 2011 Earnings Release for 15-February-2012 After Market Hours ET",FCSTEV01/30/12,Tesla Motors Announces Date for Fourth Quarter and Full Year 2011 Financial Results,INW01/16/12,"Tesla, Inc.(TSLA-US) Schedules Business Update Call for 17-January-2012 8:00 AM ET",FCSTEV01/15/12,Tesla Motors Announces Date for Company Update Conference Call,INW01/10/12,Tesla Updates Iconic Roadster for 2012 in Limited Markets,PRN01/03/12,"Tesla, Inc.(TSLA-US) Schedules Deutsche Bank Global Auto Industry Conference for 11-January-2012 11:45 AM ET",FCSTEV11/29/11,"Tesla, Inc.(TSLA-US) Schedules Robert W. Baird & Co. Clean Technology Conference for 1-December-2011 11:00 AM ET",FCSTEV11/23/11,Tesla Puts Model S Technology on Display,INW11/03/11,Tesla Opening Three New Stores in North America,INW11/02/11,Tesla Motors Releases Third Quarter 2011 Financial Results,INW10/21/11,"Tesla, Inc.(TSLA-US) Schedules Q3 2011 Earnings Release for 2-November-2011 After Market Hours ET",FCSTEV10/21/11,"Tesla, Inc.(TSLA-US) Schedules Q3 2011 Earnings Call for 2-November-2011 5:30 PM ET",FCSTEV10/21/11,Tesla Motors Announces Date for Third Quarter 2011 Financial Results,INW09/28/11,TeslaOpensShowroomandServiceCenterinEindhovenTheNetherlands,PRN09/07/11,"Tesla, Inc.(TSLA-US) Schedules Bank of America Merrill Lynch Cleantech Conclave Conference for 13-September-2011",FCSTEV08/10/11,"Tesla, Inc.(TSLA-US) Schedules J.P. Morgan Auto Conference for 10-August-2011 1:55 PM ET",FCSTEV08/09/11,Tesla Adds New Talent to Management Team,INW08/03/11,Tesla Motors Releases Second Quarter 2011 Financial Results,INW07/13/11,"Tesla, Inc.(TSLA-US) Schedules Q2 2011 Earnings Release for 3-August-2011 After Market Hours ET",FCSTEV07/13/11,"Tesla, Inc.(TSLA-US) Schedules Q2 2011 Earnings Call for 3-August-2011 5:30 PM ET",FCSTEV07/01/11,Tesla Roadster Breaks Ground by Recording Time at Goodwood,PRNE06/09/11,Tesla Launches Model S Reservations in Canada,INW06/03/11,"Tesla Motors, Inc. Announces Pricing of Its Follow-On Offering",INW06/02/11,"Latest Tesla Store Opens in Park Meadows, Colorado",INW05/25/11,Tesla Announces Follow-On Offering of Common Stock,INW05/18/11,Tesla Unveils High Power Charging Network From Lands End to John o'Groats,PRNE05/18/11,"Tesla Owner Drives Roadster More Than 100,000 Kilometers",PRN05/04/11,Tesla Motors Reports First Quarter 2011 Results,BW04/20/11,Tesla Takes Auto Retail High-Tech With Digital Design Studio,BW04/18/11,"Tesla, Inc.(TSLA-US) Schedules Q1 2011 Earnings Release for 4-May-2011 After Market Hours ET",FCSTEV04/18/11,"Tesla, Inc.(TSLA-US) Schedules Q1 2011 Earnings Call for 4-May-2011 5:00 PM ET",FCSTEV04/18/11,Tesla Motors Announces Date for First Quarter 2011 Results,BW04/14/11,Electric Vehicle Manufacturer Tesla Motors and ProTech Monte-Carlo are Celebrating Their Partnership With the Launch of the Plug and Clean Service,PRN04/13/11,Tesla Reinvents the Car Buying Experience,BW04/06/11,Tesla Cleans up Again at the 5th Monte Carlo Alternative Energy Rally,PRN03/28/11,Tesla Roadster Drives 10 Million Miles and Counting,BW03/15/11,"Tesla Launches ""Oz Goes Electric"" Tour",BW02/28/11,Tesla Grows in Europe With Additional Sales and Service,BW02/28/11,Tesla's Groundbreaking Vehicle Engineering on Display in Geneva,BW02/25/11,"Tesla, Inc.(TSLA-US) Schedules Annual General Meeting for 1-June-2011 12:00 PM ET",FCSTEV02/25/11,Tesla Motors Announces 2011 Annual Stockholder Meeting,BW02/15/11,Tesla Motors Reports Fourth Quarter and Full Year 2010 Results,BW02/15/11,Tesla Launches First Italian Store in Europe's Fashion Capital,PRN02/10/11,"Tesla Motors Signs 3,469 RSF 5-Yr Showroom Lease at The Lenkin Company and Tower Companies' 1050 K Street",PRN02/10/11,"Tesla Motors Opens Washington, D.C. Showroom",BW01/27/11,Tesla Launches Battery Recycling Program Throughout Europe,PRN01/24/11,"Tesla, Inc.(TSLA-US) Schedules Q4 2010 Earnings Release for 15-February-2011 After Market Hours ET",FCSTEV01/24/11,Tesla Motors Announces Date for Fourth Quarter and Full Year 2010 Results,BW01/18/11,Tesla Roadster Drives Environmental Responsibility During Berlin Fashion Week,BW01/10/11,Tesla's Groundbreaking Vehicle Engineering on Display in Detroit,BW01/10/11,"Tesla Exceeds 1,500 Roadster Deliveries Worldwide",BW12/14/10,"Tesla, Inc.(TSLA-US) Schedules Deutsche Bank Global Auto Industry Conference for 12-January-2011 8:45 AM ET",FCSTEV11/09/10,Tesla Motors Reports Third Quarter Results,BW11/09/10,"Tuesday Afternoon Watch List: Citigroup Inc., Bank of America, Ford Motor, Hecla Mining Co., Atlas Energy Inc., dPollution International Inc.",INW11/09/10,"Tuesday Watch List: Citigroup Inc., Bank of America, Ford Motor, General Electric Co., Tesla Motors Inc., Lithium Technology Corp., dPollution International Inc.",INW10/27/10,Tesla Motors Opens Tesla Factory - Home of the Model S,BW10/26/10,Tesla Motors to Officially Open Tesla Factory - Home of the Model S,BW10/25/10,"Tesla, Inc.(TSLA-US) Schedules Q3 2010 Earnings Call for 9-November-2010 5:00 PM ET",FCSTTS10/25/10,"Tesla, Inc.(TSLA-US) Schedules Q3 2010 Earnings Release for 9-November-2010 After Market Hours ET",FCSTTS10/25/10,Tesla Motors Announces Date for Third Quarter 2010 Results,BW10/01/10,TeslaInitiatesVoluntaryRecallAfterSingleCustomerIncident,BW09/29/10,Tesla Announces Go Electric Roadster Tour,BW09/28/10,Tesla Motors Selects Dassault Systèmes' V6 PLM Solution,BW09/21/10,Tesla to Open Paris Store Next Week,BW08/04/10,Tesla Motors Reports Second Quarter Results,BW07/28/10,Tesla and TAG Heuer World Tour Arrives in Los Angeles,BW07/28/10,"Tesla, Inc.(TSLA-US) Schedules Q2 2010 Earnings Call for 4-August-2010 5:00 PM ET",FCSTTS07/28/10,"Tesla, Inc.(TSLA-US) Schedules Q2 2010 Earnings Release for 4-August-2010 After Market Hours ET",FCSTTS07/28/10,Tesla Motors Announces Date for Second Quarter 2010 Results,BW07/14/10,AllPennyStocks.com News: Electric Car Companies All the Rage As Consumers Demand Oil Alternatives,NEWS_ACW07/13/10,Tesla Launches New Website,BW07/08/10,"Tesla Hires Apple, Gap Veteran to Revolutionize Car Buying Experience",BW07/01/10,Tesla Unveils Roadster 2.5 at Newest Stores in Europe and North America,BW06/30/10,Tesla Announces Pricing of Initial Public Offering,BW06/30/10,"EurocarsUS & Tesla Motors Present 'MN Drives the Future', July 2nd",PRN06/28/10,Tesla Announces Pricing of Initial Public Offering,BW05/25/10,Tesla Announces Electric Summer Roadster Tour,BW05/20/10,"Tesla Motors and Toyota Motor Corporation Intend to Work Jointly on EV Development, TMC to Invest in Tesla",CNW05/20/10,"The City of Downey Says Tesla Motors Goes for the Cash, Moves Jobs to Vacant Toyota Plant",PMZ05/19/10,Tesla Debuts at Madrid Auto Show,BW04/11/10,Tesla Roadster World Tour Heads for Hallowed Grounds of Nikola Tesla,BW02/16/10,Tesla Roadster Takes Switzerland by Storm,BW02/03/10,Tesla Hires Toyota Manufacturing Expert,BW01/29/10,Tesla Files S-1 Registration Statement for Initial Public Offering,BW01/08/10,Tesla Wraps Up Historic Roadster Road Trip on Schedule,BW01/07/10,Tesla Hires Fiat Strategist to Head European Operations,BW11/21/17,"Rosen Law Firm Reminds Tesla, Inc. Investors of Important Deadline in First Filed Class Action - TSLA",PMZ11/07/17,"EQUITY ALERT: Rosen Law Firm Announces Filing of Securities Class Action Lawsuit Against Tesla, Inc. - TSLA",PMZ05/15/14,Tesla Provides Best Connected Vehicle User Experience says Strategy Analytics,PRNA06/29/10,TAG Heuer MERIDIIST GMT New Feature and Enhanced Design,PRNE12/17/17,DAMAC Properties' Dubai Shopping Festival Car Promotion Back with Tesla Guaranteed,NEWS_CR02/23/12,Tesla Accelerates Continuous Improvement with Apriso,BW09/08/10,Tesla Motors Selects Apriso's Manufacturing Execution System to Accelerate Production,BW08/01/16,Tesla and SolarCity Announce Call to Discuss Combination,INW03/26/10,2010 Social Innovation Award Winners Named,PRNE06/28/10,Tesla Motors (TSLA) to Ring The NASDAQ Stock Market Opening Bell,PMZ07/07/10,"Skymark Research Initiates Independent Research Coverage on Tesla Motors, Inc.",PMZ11/20/17,"EQUITY ALERT: Levi & Korsinsky, LLP Reminds Shareholders of Tesla, Inc. of a Class Action Lawsuit and a Lead Plaintiff Deadline of December 11, 2017 - TSLA",PMZ10/16/17,"INVESTOR ALERT: Levi & Korsinsky, LLP Reminds Investors of an Investigation Involving Possible Securities Fraud Violations by the Board of Directors of Tesla, Inc.",BW10/11/17,"SHAREHOLDER ALERT: Levi & Korsinsky, LLP Notifies Investors of an Investigation Involving Possible Securities Fraud Violations by the Board of Directors of Tesla, Inc. -TSLA",BW05/25/10,"Toyota-Tesla Deal: Get Analysis, Commentary and Perspective",PRN05/28/15,Tesla and Gaelectric to Introduce Tesla Battery Storage to Ireland,PRNE11/21/17,"SHAREHOLDER ALERT: Pomerantz Law Firm Reminds Shareholders with Losses on their Investment in Tesla, Inc. of Class Action Lawsuit and Upcoming Deadline - TSLA",BW11/03/10,Panasonic Invests $30 Million in Tesla: Companies Strengthen Collaborative Relationship,BW10/13/10,Tesla Notifies SEC of Agreement with Toyota to Develop Electric Version of RAV4,BW06/26/12,"The Zacks Analyst Blog Highlights: Alcoa, Tesla Motors, Aluminum Corporation of China, RioTinto and Goldman Sachs",PRN09/20/10,Tesla Motors' Model S Pulls Up to Its New Home in the Autodesk Gallery at One Market in San Francisco,BW09/20/10,Photo of Tesla Motors' Model S Pulling Up to its New Home in the Autodesk Gallery at One Market in San Francisco is Available on Business Wire's Web Site and AP PhotoExpress,BW03/26/14,American Manganese Inc.: Tesla's Gigafactory Sparks New Interest for Secure Lithium Ion Battery Raw Material Sources,INW05/31/17,"Amazon's Shares Pass $1,000 for the First Time and Tesla Hits Another New Record Close",NEWS_ACW06/21/17,Today's Research Reports on Stocks to Watch: Boeing and Tesla,NEWS_ACW10/18/12,Tesla Selects Cypress's TrueTouch¨ Solution to Implement World's First Fully-Integrated Touchscreen Infotainment System in Model S,BW10/20/11,"Hot Insider Trading of ON Semiconductor, Atmel, Dendreon, Broadcom, Ciena & Tesla Motors",PRN10/31/11,"Research Reports for EMC, U.S. Bancorp, Texas Instruments, Dendreon, Apple & Tesla Motors",PRN09/02/11,"Critical Alerts for Citigroup, Abercrombie & Fitch, Dow Chemical, W.W. Grainger, and Tesla Motors Released by Seven Summits Research",PRN10/03/11,"Research Reports for Top Traded Penny Stocks: Boston Scientific, General Moly & Uranium Energy, More Reports for Tesla Motors, Aruba & H&R Block",PRN06/22/12,,BW03/28/19,"Tender Offer Extension for Acquisition of Maxwell Technologies, Inc.",PMZ06/29/10,NASDAQ OMX Welcomes Tesla Motors to The NASDAQ Stock Market,PMZ09/30/15,DJ pressetext.de: Tesla will 1.000 Kilometer Reichweite knacken - Software-Update soll E-Flitzer in selbstfahrendes Auto verwandeln,DJPA07/08/13,"Tesla Motors, Inc. to Join the NASDAQ-100 Index Beginning July 15, 2013",PMZ03/10/14,Tesla Battery Plant Announcement Lights Up Graphite Space,PMZ10/30/13,Panasonic And Tesla Reach Agreement To Expand Supply Of Automotive-Grade Battery Cells,PRN11/08/11,"Research Reports for Day Traders: Graham, Tesla Motors, Rackspace Hosting, salesforce.com, E*TRADE & Lululemon",PRN04/24/14,DDR Expands Partnership with Tesla,PRN01/08/13,Eric S. Whitaker Appointed as SanDisk's Chief Legal Officer,BW10/28/11,"Critical Stock Alerts for Microsoft, U.S. Bancorp, SanDisk, Dendreon, Cirrus Logic & Tesla Motors",PRN05/23/11,"Daily Insider Trade Alerts for Tesla Motors, 3M, MetLife, Synovus Financial, Infinera, & MasterCard",PRNA03/11/14,Saint Jean Carbon Comments on the Significance of Tesla Motors Announcement of their Giga Factory Lithium Battery Plant,INW11/16/20,DJPressRelease:TeslaSettoJoinS&P500,DJGM10/21/20,DJ Press Release: Tesla Releases Third Quarter 2020 Financial Results,DJGM10/12/20,DJ Press Release: S&PGR Upgrades Tesla Inc. To -2-,DJGM10/12/20,DJ Press Release: S&PGR Upgrades Tesla Inc. To 'BB-'; Outlook Stable,DJGM10/12/20,Headline: DJ S&PGR Upgrades Tesla Inc. To 'BB-'; Outlook Stable,DJGM10/08/20,DJ Press Release: Tesla Announces Date for Third Quarter 2020 Financial Results and Webcast,DJGM10/02/20,DJ Press Release: Tesla Q3 2020 Vehicle Production & Deliveries,DJGM08/21/20,DJ Press Release: Tesla Announces Updates to 2020 Annual Meeting of Stockholders and Battery Day Event,DJGM08/11/20,DJ Press Release: Tesla Announces a Five-for-One Stock Split,DJGM08/05/20,DJ Moody's Assigns Definitive Ratings To Tesla Auto Lease Trust 2020-A Notes,DJGM07/28/20,DJ Press Release: S&PGR Upgrades Tesla Inc. To 'B+'; -2-,DJGM07/28/20,DJ Press Release: S&PGR Upgrades Tesla Inc. To 'B+'; Outlook Stable,DJGM07/28/20,Headline: DJ S&PGR Upgrades Tesla Inc. To 'B+'; Outlook Stable,DJGM07/27/20,DJ Moody's Assigns Provisional Ratings To Tesla Auto Lease Trust 2020-A Notes,DJGM07/23/20,DJ Moody's Upgrades Tesla's Ratings Including Cfr To B2 And Senior Unsecured To B3; The Outlook Is Stable.,DJGM07/22/20,DJ Press Release: Tesla Releases Second Quarter 2020 Financial Results,DJGM07/10/20,DJ Press Release: Update on Tesla's 2020 Annual Meeting of Stockholders; Battery Day,DJGM07/09/20,DJ Press Release: Tesla Announces Date for Second Quarter 2020 Financial Results and Webcast,DJGM07/02/20,DJ Press Release: Tesla Q2 2020 Vehicle Production & Deliveries,DJGM05/29/20,DJ Press Release: Next NASA Advisory Council Meeting Postponed,DJGM05/14/20,DJ Press Release: Development of Elon Musk's Innovative Underground Transportation System Achieves Milestone,DJGM04/30/20,"DJ Moody's Announces Completion Of A Periodic Review Of Ratings Of Tesla, Inc.",DJGM04/29/20,DJ Press Release: Tesla Releases First Quarter 2020 Financial Results,DJGM04/15/20,DJ Press Release: Tesla Announces Date for First Quarter 2020 Financial Results and Webcast,DJGM04/14/20,DJ Press Release: Zoox and Tesla Settle Lawsuit,DJGM04/02/20,DJ Press Release: Tesla Q1 2020 Vehicle Production & Deliveries,DJGM03/19/20,DJ Press Release: Tesla Operational Update,DJGM02/14/20,Headline: DJ S&PGRBulletin: Tesla Offering Plan Helps Financial Flexibility,DJGM02/14/20,DJ Press Release: S&PGRBulletin: Tesla Offering Plan Helps Financial Flexibility,DJGM02/13/20,DJ Press Release: Tesla Announces Offering of Common Stock,DJGM01/29/20,DJ Press Release: Tesla Releases Fourth Quarter and Full Year 2019 Financial Results,DJGM01/17/20,DJ Press Release: Tesla Announces Date for Fourth Quarter and Full Year 2019 Financial Results and Webcast,DJGM01/03/20,DJ Press Release: Tesla Q4 2019 Vehicle Production & Deliveries,DJGM11/27/19,DJ Press Release: S&PGR Affirms Four Ratings On Three SolarCity LMC Rtgs Deals,DJGM11/27/19,Headline: DJ S&PGR Affirms Four Ratings On Three SolarCity LMC Rtgs Deals,DJGM10/23/19,DJ Press Release: Tesla Releases Third Quarter 2019 Financial Results,DJGM